use compagnia_aerea;

insert into SEDILE values 
('01A'),('01B'),('01C'),('01D'),('01E'),('01F'),
('02A'),('02B'),('02C'),('02D'),('02E'),('02F'),
('03A'),('03B'),('03C'),('03D'),('03E'),('03F'),
('04A'),('04B'),('04C'),('04D'),('04E'),('04F'),
('05A'),('05B'),('05C'),('05D'),('05E'),('05F'),
('06A'),('06B'),('06C'),('06D'),('06E'),('06F'),
('07A'),('07B'),('07C'),('07D'),('07E'),('07F'),
('08A'),('08B'),('08C'),('08D'),('08E'),('08F'),
('09A'),('09B'),('09C'),('09D'),('09E'),('09F'),
('10A'),('10B'),('10C'),('10D'),('10E'),('10F'),
('11A'),('11B'),('11C'),('11D'),('11E'),('11F'),
('12A'),('12B'),('12C'),('12D'),('12E'),('12F'),
('13A'),('13B'),('13C'),('13D'),('13E'),('13F'),
('14A'),('14B'),('14C'),('14D'),('14E'),('14F'),
('15A'),('15B'),('15C'),('15D'),('15E'),('15F'),
('16A'),('16B'),('16C'),('16D'),('16E'),('16F'),
('17A'),('17B'),('17C'),('17D'),('17E'),('17F'),
('18A'),('18B'),('18C'),('18D'),('18E'),('18F'),
('19A'),('19B'),('19C'),('19D'),('19E'),('19F'),
('20A'),('20B'),('20C'),('20D'),('20E'),('20F'),
('21A'),('21B'),('21C'),('21D'),('21E'),('21F'),
('22A'),('22B'),('22C'),('22D'),('22E'),('22F'),
('23A'),('23B'),('23C'),('23D'),('23E'),('23F'),
('24A'),('24B'),('24C'),('24D'),('24E'),('24F'),
('25A'),('25B'),('25C'),('25D'),('25E'),('25F'),
('26A'),('26B'),('26C'),('26D'),('26E'),('26F'),
('27A'),('27B'),('27C'),('27D'),('27E'),('27F'),
('28A'),('28B'),('28C'),('28D'),('28E'),('28F'),
('29A'),('29B'),('29C'),('29D'),('29E'),('29F'),
('30A'),('30B'),('30C'),('30D'),('30E'),('30F'),
('31A'),('31B'),('31C'),('31D'),('31E'),('31F'),
('32A'),('32B'),('32C'),('32D'),('32E'),('32F'),
('33A'),('33B'),('33C'),('33D'),('33E'),('33F'),
('34A'),('34B'),('34C'),('34D'),('34E'),('34F'),
('35A'),('35B'),('35C'),('35D'),('35E'),('35F');

insert into RUOLO values 
('Hostess', 'assistente di bordo, donna'),
('Steward', 'assistente di bordo, uomo'),
('Comandante', 'pilota di grado più elevato'),
('Primo ufficiale', 'pilota che assiste il comandante');

insert into PRODUTTORE values
('Boeing', 'industria aeronautica statunitense produttrice di velivoli sia per utilizzo civile, che militare.'),
('Airbus', 'azienda con sede nei Paesi Bassi, che opera nel settore aerospaziale e della difesa');

insert into MODELLO values
('Boeing', '737 MAX', 'modello di aeroplano a fusoliera stretta'),
('Boeing', '767', 'bimotore a getto di linea, con configurazione a fusoliera larga ed ala bassa'),
('Boeing', '777', 'aereo di linea a fusoliera larga a lungo raggio'),
('Airbus', 'A320', 'aerei a fusoliera stretta per il corto-medio raggio'),
('Airbus', 'A330', 'aereo di linea bimotore turboventola'),
('Airbus', 'A380', 'aereo di linea quadrimotore a doppio ponte');

insert into CLASSE values
('economica','una sola borsa a mano, servizio escluso, sedili con poco spazio per le gambe'),
('prima','imbarco prioritario, servizio incluso'),
('business','servizio incluso, poltrone spaziose');

insert into RAGGRUPPAMENTO values
('Boeing', '737 MAX', 'economica', 20.00),
('Boeing', '737 MAX', 'prima', 45.50),
('Boeing', '737 MAX', 'business', 100.00),
('Boeing', '767', 'economica', 25.00),
('Boeing', '767', 'prima', 50.50),
('Boeing', '767', 'business', 110.00),
('Boeing', '777', 'economica', 30.00),
('Boeing', '777', 'prima', 60.00),
('Boeing', '777', 'business', 115.00),
('Airbus', 'A320', 'economica', 15.00),
('Airbus', 'A320', 'prima', 40.00),
('Airbus', 'A320', 'business', 80.00),
('Airbus', 'A330', 'economica', 25.00),
('Airbus', 'A330', 'prima', 50.00),
('Airbus', 'A330', 'business', 105.00),
('Airbus', 'A380', 'economica', 40.00),
('Airbus', 'A380', 'prima', 65.00),
('Airbus', 'A380', 'business', 150.00);

insert into AEROPORTO values
('LIMC','MXP','Italia','Milano'),
('LIMF','TRN','Italia','Torino'),
('LIRF','FCO','Italia','Roma'),
('LIMJ','GOA','Italia','Genova'),
('LIPK','FRL','Italia','Forli'),
('LIRN','NAP','Italia','Napoli'),
('LICJ','PMO','Italia','Palermo'),
('LEMD','MAD','Spagna','Madrid'),
('LEBL','BCN','Spagna','Barcellona'),
('LFPG','CDG','Francia','Parigi'),
('LFBD','BOD','Francia','Bordeaux'),
('EGLL','LHR','Inghilterra','Londra'),
('EGBB','BHX','Inghilterra','Birmingham'),
('EDDB','BER','Germania','Berlino'),
('EDDK','CGN','Germania','Cologne'),
('EDDF','FRA','Germania','Francoforte'),
('LOWW','VIE','Austria','Vienna');

insert into AEROPLANO values
('Boeing','737 MAX', '1', true), ('Boeing','737 MAX', '2', true), ('Boeing','737 MAX', '3', false), ('Boeing','737 MAX', '4', false), ('Boeing','737 MAX', '5', true),
('Boeing','737 MAX', '6', true), ('Boeing','737 MAX', '7', true), ('Boeing','737 MAX', '8', false), ('Boeing','737 MAX', '9', false), ('Boeing','737 MAX', '10', true),
('Boeing', '767', '1', true), ('Boeing', '767', '2', true), ('Boeing', '767', '3', false), ('Boeing', '767', '4', false), ('Boeing', '767', '5', false),
('Boeing', '767', '6', true), ('Boeing', '767', '7', true), ('Boeing', '767', '8', false), ('Boeing', '767', '9', false), ('Boeing', '767', '10', false),
('Boeing', '777', '1', false), ('Boeing', '777', '2', false), ('Boeing', '777', '3', false), ('Boeing', '777', '4', false), ('Boeing', '777', '5', false),
('Boeing', '777', '6', false), ('Boeing', '777', '7', false), ('Boeing', '777', '8', false), ('Boeing', '777', '9', false), ('Boeing', '777', '10', false),
('Airbus', 'A320', '1', true), ('Airbus', 'A320', '2', true), ('Airbus', 'A320', '3', true), ('Airbus', 'A320', '4', true), ('Airbus', 'A320', '5', false),
('Airbus', 'A320', '6', true), ('Airbus', 'A320', '7', true), ('Airbus', 'A320', '8', true), ('Airbus', 'A320', '9', true), ('Airbus', 'A320', '10', false),
('Airbus', 'A330', '1', true), ('Airbus', 'A330', '2', true), ('Airbus', 'A330', '3', false), ('Airbus', 'A330', '4', true), ('Airbus', 'A330', '5', true),
('Airbus', 'A330', '6', true), ('Airbus', 'A330', '7', true), ('Airbus', 'A330', '8', false), ('Airbus', 'A330', '9', true), ('Airbus', 'A330', '10', true),
('Airbus', 'A380', '1', true), ('Airbus', 'A380', '2', false), ('Airbus', 'A380', '3', true), ('Airbus', 'A380', '4', true), ('Airbus', 'A380', '5', true),
('Airbus', 'A380', '6', true), ('Airbus', 'A380', '7', false), ('Airbus', 'A380', '8', true), ('Airbus', 'A380', '9', true), ('Airbus', 'A380', '10', true);

insert into POSTO values
( 'Boeing', '737 MAX', '01A', 5.00, 'economica'), ( 'Boeing', '737 MAX', '01B', 5.00, 'economica'), 
( 'Boeing', '737 MAX', '02A', null, 'economica'), ( 'Boeing', '737 MAX', '02B', null, 'economica'), 
( 'Boeing', '737 MAX', '03A', null, 'economica'), ( 'Boeing', '737 MAX', '03B', null, 'economica'), 
( 'Boeing', '737 MAX', '04A', null, 'economica'), ( 'Boeing', '737 MAX', '04B', null, 'economica'), 
( 'Boeing', '737 MAX', '05A', null, 'economica'), ( 'Boeing', '737 MAX', '05B', null, 'economica'), 
( 'Boeing', '737 MAX', '06A', null, 'economica'), ( 'Boeing', '737 MAX', '06B', null, 'economica'), 
( 'Boeing', '737 MAX', '07A', null, 'economica'), ( 'Boeing', '737 MAX', '07B', null, 'economica'), 
( 'Boeing', '737 MAX', '08A', null, 'economica'), ( 'Boeing', '737 MAX', '08B', null, 'economica'), 
( 'Boeing', '737 MAX', '09A', null, 'economica'), ( 'Boeing', '737 MAX', '09B', null, 'economica'), 
( 'Boeing', '737 MAX', '10A', 2.50, 'economica'), ( 'Boeing', '737 MAX', '10B', 2.50, 'economica'), 
( 'Boeing', '737 MAX', '11A', null, 'prima'),     ( 'Boeing', '737 MAX', '11B', null, 'prima'),     
( 'Boeing', '737 MAX', '12A', null, 'prima'),     ( 'Boeing', '737 MAX', '12B', null, 'prima'),     
( 'Boeing', '737 MAX', '13A', null, 'prima'),     ( 'Boeing', '737 MAX', '13B', null, 'prima'),     
( 'Boeing', '737 MAX', '14A', null, 'prima'),     ( 'Boeing', '737 MAX', '14B', null, 'prima'),     
( 'Boeing', '737 MAX', '15A', 9.50, 'prima'),     ( 'Boeing', '737 MAX', '15B', 9.50, 'prima'),     
( 'Boeing', '737 MAX', '16A', null, 'business'),  ( 'Boeing', '737 MAX', '16B', null, 'business'),  
( 'Boeing', '737 MAX', '17A', null, 'business'),  ( 'Boeing', '737 MAX', '17B', null, 'business'),  
( 'Boeing', '737 MAX', '18A', null, 'business'),  ( 'Boeing', '737 MAX', '18B', null, 'business'),  
( 'Boeing', '737 MAX', '19A', 25.00, 'business'), ( 'Boeing', '737 MAX', '19B', 25.00, 'business'), 
( 'Boeing', '737 MAX', '20A', 50.00, 'business'), ( 'Boeing', '737 MAX', '20B', 50.00, 'business'), 
( 'Boeing', '737 MAX', '01C', 5.00, 'economica'), ( 'Boeing', '737 MAX', '01D', 5.00, 'economica'),
( 'Boeing', '737 MAX', '02C', null, 'economica'), ( 'Boeing', '737 MAX', '02D', null, 'economica'),
( 'Boeing', '737 MAX', '03C', null, 'economica'), ( 'Boeing', '737 MAX', '03D', null, 'economica'),
( 'Boeing', '737 MAX', '04C', null, 'economica'), ( 'Boeing', '737 MAX', '04D', null, 'economica'),
( 'Boeing', '737 MAX', '05C', null, 'economica'), ( 'Boeing', '737 MAX', '05D', null, 'economica'),
( 'Boeing', '737 MAX', '06C', null, 'economica'), ( 'Boeing', '737 MAX', '06D', null, 'economica'),
( 'Boeing', '737 MAX', '07C', null, 'economica'), ( 'Boeing', '737 MAX', '07D', null, 'economica'),
( 'Boeing', '737 MAX', '08C', null, 'economica'), ( 'Boeing', '737 MAX', '08D', null, 'economica'),
( 'Boeing', '737 MAX', '09C', null, 'economica'), ( 'Boeing', '737 MAX', '09D', null, 'economica'),
( 'Boeing', '737 MAX', '10C', 2.50, 'economica'), ( 'Boeing', '737 MAX', '10D', 2.50, 'economica'),
( 'Boeing', '737 MAX', '11C', null, 'prima'),     ( 'Boeing', '737 MAX', '11D', null, 'prima'),
( 'Boeing', '737 MAX', '12C', null, 'prima'),     ( 'Boeing', '737 MAX', '12D', null, 'prima'),
( 'Boeing', '737 MAX', '13C', null, 'prima'),     ( 'Boeing', '737 MAX', '13D', null, 'prima'),
( 'Boeing', '737 MAX', '14C', null, 'prima'),     ( 'Boeing', '737 MAX', '14D', null, 'prima'),
( 'Boeing', '737 MAX', '15C', 9.50, 'prima'),     ( 'Boeing', '737 MAX', '15D', 9.50, 'prima'),
( 'Boeing', '737 MAX', '16C', null, 'business'),  ( 'Boeing', '737 MAX', '16D', null, 'business'),
( 'Boeing', '737 MAX', '17C', null, 'business'),  ( 'Boeing', '737 MAX', '17D', null, 'business'),
( 'Boeing', '737 MAX', '18C', null, 'business'),  ( 'Boeing', '737 MAX', '18D', null, 'business'),
( 'Boeing', '737 MAX', '19C', 25.00, 'business'), ( 'Boeing', '737 MAX', '19D', 25.00, 'business'),
( 'Boeing', '737 MAX', '20C', 50.00, 'business'), ( 'Boeing', '737 MAX', '20D', 50.00, 'business'),
( 'Boeing', '767', '01A', null, 'economica'), ( 'Boeing', '767', '01B', null, 'economica'), 
( 'Boeing', '767', '02A', null, 'economica'), ( 'Boeing', '767', '02B', null, 'economica'), 
( 'Boeing', '767', '03A', null, 'economica'), ( 'Boeing', '767', '03B', null, 'economica'), 
( 'Boeing', '767', '04A', null, 'economica'), ( 'Boeing', '767', '04B', null, 'economica'), 
( 'Boeing', '767', '05A', null, 'economica'), ( 'Boeing', '767', '05B', null, 'economica'), 
( 'Boeing', '767', '06A', null, 'economica'), ( 'Boeing', '767', '06B', null, 'economica'), 
( 'Boeing', '767', '07A', null, 'economica'), ( 'Boeing', '767', '07B', null, 'economica'), 
( 'Boeing', '767', '08A', null, 'economica'), ( 'Boeing', '767', '08B', null, 'economica'), 
( 'Boeing', '767', '09A', null, 'economica'), ( 'Boeing', '767', '09B', null, 'economica'), 
( 'Boeing', '767', '10A', 2.50, 'economica'), ( 'Boeing', '767', '10B', 2.50, 'economica'), 
( 'Boeing', '767', '11A', null, 'economica'), ( 'Boeing', '767', '11B', null, 'economica'),     
( 'Boeing', '767', '12A', null, 'prima'),     ( 'Boeing', '767', '12B', null, 'prima'),     
( 'Boeing', '767', '13A', null, 'prima'),     ( 'Boeing', '767', '13B', null, 'prima'),     
( 'Boeing', '767', '14A', null, 'prima'),     ( 'Boeing', '767', '14B', null, 'prima'),     
( 'Boeing', '767', '15A', 9.50, 'prima'),     ( 'Boeing', '767', '15B', 9.50, 'prima'),     
( 'Boeing', '767', '16A', null, 'prima'),     ( 'Boeing', '767', '16B', null, 'prima'),  
( 'Boeing', '767', '17A', null, 'prima'),     ( 'Boeing', '767', '17B', null, 'prima'),  
( 'Boeing', '767', '18A', null, 'business'),  ( 'Boeing', '767', '18B', null, 'business'),  
( 'Boeing', '767', '19A', 25.00, 'business'), ( 'Boeing', '767', '19B', 25.00, 'business'), 
( 'Boeing', '767', '20A', 50.00, 'business'), ( 'Boeing', '767', '20B', 50.00, 'business'), 
( 'Boeing', '767', '01C', null, 'economica'), ( 'Boeing', '767', '01D', null, 'economica'),
( 'Boeing', '767', '02C', null, 'economica'), ( 'Boeing', '767', '02D', null, 'economica'),
( 'Boeing', '767', '03C', null, 'economica'), ( 'Boeing', '767', '03D', null, 'economica'),
( 'Boeing', '767', '04C', null, 'economica'), ( 'Boeing', '767', '04D', null, 'economica'),
( 'Boeing', '767', '05C', null, 'economica'), ( 'Boeing', '767', '05D', null, 'economica'),
( 'Boeing', '767', '06C', null, 'economica'), ( 'Boeing', '767', '06D', null, 'economica'),
( 'Boeing', '767', '07C', null, 'economica'), ( 'Boeing', '767', '07D', null, 'economica'),
( 'Boeing', '767', '08C', null, 'economica'), ( 'Boeing', '767', '08D', null, 'economica'),
( 'Boeing', '767', '09C', null, 'economica'), ( 'Boeing', '767', '09D', null, 'economica'),
( 'Boeing', '767', '10C', 2.50, 'economica'), ( 'Boeing', '767', '10D', 2.50, 'economica'),
( 'Boeing', '767', '11C', null, 'economica'), ( 'Boeing', '767', '11D', null, 'economica'),
( 'Boeing', '767', '12C', null, 'prima'),     ( 'Boeing', '767', '12D', null, 'prima'),
( 'Boeing', '767', '13C', null, 'prima'),     ( 'Boeing', '767', '13D', null, 'prima'),
( 'Boeing', '767', '14C', null, 'prima'),     ( 'Boeing', '767', '14D', null, 'prima'),
( 'Boeing', '767', '15C', 9.50, 'prima'),     ( 'Boeing', '767', '15D', 9.50, 'prima'),
( 'Boeing', '767', '16C', null, 'prima'),     ( 'Boeing', '767', '16D', null, 'prima'),
( 'Boeing', '767', '17C', null, 'prima'),     ( 'Boeing', '767', '17D', null, 'prima'),
( 'Boeing', '767', '18C', null, 'business'),  ( 'Boeing', '767', '18D', null, 'business'),
( 'Boeing', '767', '19C', 25.00, 'business'), ( 'Boeing', '767', '19D', 25.00, 'business'),
( 'Boeing', '767', '20C', 50.00, 'business'), ( 'Boeing', '767', '20D', 50.00, 'business'),
( 'Boeing', '777', '01A', null, 'economica'), ( 'Boeing', '777', '01B', null, 'economica'),  ( 'Boeing', '777', '01C', null, 'economica'),
( 'Boeing', '777', '02A', null, 'economica'), ( 'Boeing', '777', '02B', null, 'economica'),  ( 'Boeing', '777', '02C', null, 'economica'),
( 'Boeing', '777', '03A', null, 'economica'), ( 'Boeing', '777', '03B', null, 'economica'),  ( 'Boeing', '777', '03C', null, 'economica'),
( 'Boeing', '777', '04A', null, 'economica'), ( 'Boeing', '777', '04B', null, 'economica'),  ( 'Boeing', '777', '04C', null, 'economica'),
( 'Boeing', '777', '05A', null, 'economica'), ( 'Boeing', '777', '05B', null, 'economica'),  ( 'Boeing', '777', '05C', null, 'economica'),
( 'Boeing', '777', '06A', null, 'economica'), ( 'Boeing', '777', '06B', null, 'economica'),  ( 'Boeing', '777', '06C', null, 'economica'),
( 'Boeing', '777', '07A', null, 'economica'), ( 'Boeing', '777', '07B', null, 'economica'),  ( 'Boeing', '777', '07C', null, 'economica'),
( 'Boeing', '777', '08A', null, 'economica'), ( 'Boeing', '777', '08B', null, 'economica'),  ( 'Boeing', '777', '08C', null, 'economica'),
( 'Boeing', '777', '09A', null, 'economica'), ( 'Boeing', '777', '09B', null, 'economica'),  ( 'Boeing', '777', '09C', null, 'economica'),
( 'Boeing', '777', '10A', null, 'economica'), ( 'Boeing', '777', '10B', null, 'economica'),  ( 'Boeing', '777', '10C', null, 'economica'),
( 'Boeing', '777', '11A', null, 'economica'), ( 'Boeing', '777', '11B', null, 'economica'),  ( 'Boeing', '777', '11C', null, 'economica'),
( 'Boeing', '777', '12A', null, 'economica'), ( 'Boeing', '777', '12B', null, 'economica'),  ( 'Boeing', '777', '12C', null, 'economica'),
( 'Boeing', '777', '13A', 10.5, 'economica'), ( 'Boeing', '777', '13B', 10.5, 'economica'),  ( 'Boeing', '777', '13C', 10.5, 'economica'),
( 'Boeing', '777', '14A', null, 'economica'), ( 'Boeing', '777', '14B', null, 'economica'),  ( 'Boeing', '777', '14C', null, 'economica'),
( 'Boeing', '777', '15A', null, 'economica'), ( 'Boeing', '777', '15B', null, 'economica'),  ( 'Boeing', '777', '15C', null, 'economica'),
( 'Boeing', '777', '16A', null, 'economica'), ( 'Boeing', '777', '16B', null, 'economica'),  ( 'Boeing', '777', '16C', null, 'economica'),
( 'Boeing', '777', '17A', null, 'economica'), ( 'Boeing', '777', '17B', null, 'economica'),  ( 'Boeing', '777', '17C', null, 'economica'),
( 'Boeing', '777', '18A', null, 'economica'), ( 'Boeing', '777', '18B', null, 'economica'),  ( 'Boeing', '777', '18C', null, 'economica'),
( 'Boeing', '777', '19A', null, 'economica'), ( 'Boeing', '777', '19B', null, 'economica'),  ( 'Boeing', '777', '19C', null, 'economica'),
( 'Boeing', '777', '20A', null, 'economica'), ( 'Boeing', '777', '20B', null, 'economica'),  ( 'Boeing', '777', '20C', null, 'economica'),
( 'Boeing', '777', '21A', null, 'prima'),     ( 'Boeing', '777', '21B', null, 'prima'),      ( 'Boeing', '777', '21C', null, 'prima'),
( 'Boeing', '777', '22A', null, 'prima'),     ( 'Boeing', '777', '22B', null, 'prima'),      ( 'Boeing', '777', '22C', null, 'prima'),
( 'Boeing', '777', '23A', null, 'prima'),     ( 'Boeing', '777', '23B', null, 'prima'),      ( 'Boeing', '777', '23C', null, 'prima'),
( 'Boeing', '777', '24A', null, 'prima'),     ( 'Boeing', '777', '24B', null, 'prima'),      ( 'Boeing', '777', '24C', null, 'prima'),
( 'Boeing', '777', '25A', null, 'prima'),     ( 'Boeing', '777', '25B', null, 'prima'),      ( 'Boeing', '777', '25C', null, 'prima'),
( 'Boeing', '777', '26A', null, 'prima'),     ( 'Boeing', '777', '26B', null, 'prima'),      ( 'Boeing', '777', '26C', null, 'prima'),
( 'Boeing', '777', '27A', null, 'prima'),     ( 'Boeing', '777', '27B', null, 'prima'),      ( 'Boeing', '777', '27C', null, 'prima'),
( 'Boeing', '777', '28A', null, 'prima'),     ( 'Boeing', '777', '28B', null, 'prima'),      ( 'Boeing', '777', '28C', null, 'prima'),
( 'Boeing', '777', '29A', null, 'prima'),     ( 'Boeing', '777', '29B', null, 'prima'),      ( 'Boeing', '777', '29C', null, 'prima'),
( 'Boeing', '777', '30A', 12.5, 'prima'),     ( 'Boeing', '777', '30B', 12.5, 'prima'),      ( 'Boeing', '777', '30C', 12.5, 'prima'),
( 'Boeing', '777', '31A', null, 'business'),  ( 'Boeing', '777', '31B', null, 'business'),   ( 'Boeing', '777', '31C', null, 'business'),
( 'Boeing', '777', '32A', null, 'business'),  ( 'Boeing', '777', '32B', null, 'business'),   ( 'Boeing', '777', '32C', null, 'business'),
( 'Boeing', '777', '33A', 25, 'business'),    ( 'Boeing', '777', '33B', 25, 'business'),     ( 'Boeing', '777', '33C', 25, 'business'),
( 'Boeing', '777', '34A', 50, 'business'),    ( 'Boeing', '777', '34B', 50, 'business'),     ( 'Boeing', '777', '34C', 50, 'business'),
( 'Boeing', '777', '35A', 100, 'business'),   ( 'Boeing', '777', '35B', 100, 'business'),    ( 'Boeing', '777', '35C', 100, 'business'),
( 'Boeing', '777', '01D', null, 'economica'), ( 'Boeing', '777', '01E', null, 'economica'),  ( 'Boeing', '777', '01F', null, 'economica'),
( 'Boeing', '777', '02D', null, 'economica'), ( 'Boeing', '777', '02E', null, 'economica'),  ( 'Boeing', '777', '02F', null, 'economica'),
( 'Boeing', '777', '03D', null, 'economica'), ( 'Boeing', '777', '03E', null, 'economica'),  ( 'Boeing', '777', '03F', null, 'economica'),
( 'Boeing', '777', '04D', null, 'economica'), ( 'Boeing', '777', '04E', null, 'economica'),  ( 'Boeing', '777', '04F', null, 'economica'),
( 'Boeing', '777', '05D', null, 'economica'), ( 'Boeing', '777', '05E', null, 'economica'),  ( 'Boeing', '777', '05F', null, 'economica'),
( 'Boeing', '777', '06D', null, 'economica'), ( 'Boeing', '777', '06E', null, 'economica'),  ( 'Boeing', '777', '06F', null, 'economica'),
( 'Boeing', '777', '07D', null, 'economica'), ( 'Boeing', '777', '07E', null, 'economica'),  ( 'Boeing', '777', '07F', null, 'economica'),
( 'Boeing', '777', '08D', null, 'economica'), ( 'Boeing', '777', '08E', null, 'economica'),  ( 'Boeing', '777', '08F', null, 'economica'),
( 'Boeing', '777', '09D', null, 'economica'), ( 'Boeing', '777', '09E', null, 'economica'),  ( 'Boeing', '777', '09F', null, 'economica'),
( 'Boeing', '777', '10D', null, 'economica'), ( 'Boeing', '777', '10E', null, 'economica'),  ( 'Boeing', '777', '10F', null, 'economica'),
( 'Boeing', '777', '11D', null, 'economica'), ( 'Boeing', '777', '11E', null, 'economica'),  ( 'Boeing', '777', '11F', null, 'economica'),
( 'Boeing', '777', '12D', null, 'economica'), ( 'Boeing', '777', '12E', null, 'economica'),  ( 'Boeing', '777', '12F', null, 'economica'),
( 'Boeing', '777', '13D', 10.5, 'economica'), ( 'Boeing', '777', '13E', 10.5, 'economica'),  ( 'Boeing', '777', '13F', 10.5, 'economica'),
( 'Boeing', '777', '14D', null, 'economica'), ( 'Boeing', '777', '14E', null, 'economica'),  ( 'Boeing', '777', '14F', null, 'economica'),
( 'Boeing', '777', '15D', null, 'economica'), ( 'Boeing', '777', '15E', null, 'economica'),  ( 'Boeing', '777', '15F', null, 'economica'),
( 'Boeing', '777', '16D', null, 'economica'), ( 'Boeing', '777', '16E', null, 'economica'),  ( 'Boeing', '777', '16F', null, 'economica'),
( 'Boeing', '777', '17D', null, 'economica'), ( 'Boeing', '777', '17E', null, 'economica'),  ( 'Boeing', '777', '17F', null, 'economica'),
( 'Boeing', '777', '18D', null, 'economica'), ( 'Boeing', '777', '18E', null, 'economica'),  ( 'Boeing', '777', '18F', null, 'economica'),
( 'Boeing', '777', '19D', null, 'economica'), ( 'Boeing', '777', '19E', null, 'economica'),  ( 'Boeing', '777', '19F', null, 'economica'),
( 'Boeing', '777', '20D', null, 'economica'), ( 'Boeing', '777', '20E', null, 'economica'),  ( 'Boeing', '777', '20F', null, 'economica'),
( 'Boeing', '777', '21D', null, 'prima'),     ( 'Boeing', '777', '21E', null, 'prima'),      ( 'Boeing', '777', '21F', null, 'prima'),
( 'Boeing', '777', '22D', null, 'prima'),     ( 'Boeing', '777', '22E', null, 'prima'),      ( 'Boeing', '777', '22F', null, 'prima'),
( 'Boeing', '777', '23D', null, 'prima'),     ( 'Boeing', '777', '23E', null, 'prima'),      ( 'Boeing', '777', '23F', null, 'prima'),
( 'Boeing', '777', '24D', null, 'prima'),     ( 'Boeing', '777', '24E', null, 'prima'),      ( 'Boeing', '777', '24F', null, 'prima'),
( 'Boeing', '777', '25D', null, 'prima'),     ( 'Boeing', '777', '25E', null, 'prima'),      ( 'Boeing', '777', '25F', null, 'prima'),
( 'Boeing', '777', '26D', null, 'prima'),     ( 'Boeing', '777', '26E', null, 'prima'),      ( 'Boeing', '777', '26F', null, 'prima'),
( 'Boeing', '777', '27D', null, 'prima'),     ( 'Boeing', '777', '27E', null, 'prima'),      ( 'Boeing', '777', '27F', null, 'prima'),
( 'Boeing', '777', '28D', null, 'prima'),     ( 'Boeing', '777', '28E', null, 'prima'),      ( 'Boeing', '777', '28F', null, 'prima'),
( 'Boeing', '777', '29D', null, 'prima'),     ( 'Boeing', '777', '29E', null, 'prima'),      ( 'Boeing', '777', '29F', null, 'prima'),
( 'Boeing', '777', '30D', 12.5, 'prima'),     ( 'Boeing', '777', '30E', 12.5, 'prima'),      ( 'Boeing', '777', '30F', 12.5, 'prima'),
( 'Boeing', '777', '31D', null, 'business'),  ( 'Boeing', '777', '31E', null, 'business'),   ( 'Boeing', '777', '31F', null, 'business'),
( 'Boeing', '777', '32D', null, 'business'),  ( 'Boeing', '777', '32E', null, 'business'),   ( 'Boeing', '777', '32F', null, 'business'),
( 'Boeing', '777', '33D', 25, 'business'),    ( 'Boeing', '777', '33E', 25, 'business'),     ( 'Boeing', '777', '33F', 25, 'business'),
( 'Boeing', '777', '34D', 50, 'business'),    ( 'Boeing', '777', '34E', 50, 'business'),     ( 'Boeing', '777', '34F', 50, 'business'),
( 'Boeing', '777', '35D', 100, 'business'),   ( 'Boeing', '777', '35E', 100, 'business'),    ( 'Boeing', '777', '35F', 100, 'business'),
( 'Airbus', 'A320', '01A', 5.00, 'economica'), ( 'Airbus', 'A320', '01B', 5.00, 'economica'), 
( 'Airbus', 'A320', '02A', null, 'economica'), ( 'Airbus', 'A320', '02B', null, 'economica'), 
( 'Airbus', 'A320', '03A', null, 'economica'), ( 'Airbus', 'A320', '03B', null, 'economica'), 
( 'Airbus', 'A320', '04A', null, 'economica'), ( 'Airbus', 'A320', '04B', null, 'economica'), 
( 'Airbus', 'A320', '05A', null, 'economica'), ( 'Airbus', 'A320', '05B', null, 'economica'), 
( 'Airbus', 'A320', '06A', null, 'economica'), ( 'Airbus', 'A320', '06B', null, 'economica'), 
( 'Airbus', 'A320', '07A', null, 'economica'), ( 'Airbus', 'A320', '07B', null, 'economica'), 
( 'Airbus', 'A320', '08A', null, 'economica'), ( 'Airbus', 'A320', '08B', null, 'economica'), 
( 'Airbus', 'A320', '09A', null, 'economica'), ( 'Airbus', 'A320', '09B', null, 'economica'), 
( 'Airbus', 'A320', '10A', 2.50, 'economica'), ( 'Airbus', 'A320', '10B', 2.50, 'economica'), 
( 'Airbus', 'A320', '11A', null, 'prima'),     ( 'Airbus', 'A320', '11B', null, 'prima'),     
( 'Airbus', 'A320', '12A', null, 'prima'),     ( 'Airbus', 'A320', '12B', null, 'prima'),     
( 'Airbus', 'A320', '13A', null, 'prima'),     ( 'Airbus', 'A320', '13B', null, 'prima'),     
( 'Airbus', 'A320', '14A', null, 'prima'),     ( 'Airbus', 'A320', '14B', null, 'prima'),     
( 'Airbus', 'A320', '15A', 9.50, 'prima'),     ( 'Airbus', 'A320', '15B', 9.50, 'prima'),     
( 'Airbus', 'A320', '16A', null, 'business'),  ( 'Airbus', 'A320', '16B', null, 'business'),  
( 'Airbus', 'A320', '17A', null, 'business'),  ( 'Airbus', 'A320', '17B', null, 'business'),  
( 'Airbus', 'A320', '18A', null, 'business'),  ( 'Airbus', 'A320', '18B', null, 'business'),  
( 'Airbus', 'A320', '19A', 25.00, 'business'), ( 'Airbus', 'A320', '19B', 25.00, 'business'), 
( 'Airbus', 'A320', '20A', 50.00, 'business'), ( 'Airbus', 'A320', '20B', 50.00, 'business'), 
( 'Airbus', 'A320', '01C', 5.00, 'economica'), ( 'Airbus', 'A320', '01D', 5.00, 'economica'),
( 'Airbus', 'A320', '02C', null, 'economica'), ( 'Airbus', 'A320', '02D', null, 'economica'),
( 'Airbus', 'A320', '03C', null, 'economica'), ( 'Airbus', 'A320', '03D', null, 'economica'),
( 'Airbus', 'A320', '04C', null, 'economica'), ( 'Airbus', 'A320', '04D', null, 'economica'),
( 'Airbus', 'A320', '05C', null, 'economica'), ( 'Airbus', 'A320', '05D', null, 'economica'),
( 'Airbus', 'A320', '06C', null, 'economica'), ( 'Airbus', 'A320', '06D', null, 'economica'),
( 'Airbus', 'A320', '07C', null, 'economica'), ( 'Airbus', 'A320', '07D', null, 'economica'),
( 'Airbus', 'A320', '08C', null, 'economica'), ( 'Airbus', 'A320', '08D', null, 'economica'),
( 'Airbus', 'A320', '09C', null, 'economica'), ( 'Airbus', 'A320', '09D', null, 'economica'),
( 'Airbus', 'A320', '10C', 2.50, 'economica'), ( 'Airbus', 'A320', '10D', 2.50, 'economica'),
( 'Airbus', 'A320', '11C', null, 'prima'),     ( 'Airbus', 'A320', '11D', null, 'prima'),
( 'Airbus', 'A320', '12C', null, 'prima'),     ( 'Airbus', 'A320', '12D', null, 'prima'),
( 'Airbus', 'A320', '13C', null, 'prima'),     ( 'Airbus', 'A320', '13D', null, 'prima'),
( 'Airbus', 'A320', '14C', null, 'prima'),     ( 'Airbus', 'A320', '14D', null, 'prima'),
( 'Airbus', 'A320', '15C', 9.50, 'prima'),     ( 'Airbus', 'A320', '15D', 9.50, 'prima'),
( 'Airbus', 'A320', '16C', null, 'business'),  ( 'Airbus', 'A320', '16D', null, 'business'),
( 'Airbus', 'A320', '17C', null, 'business'),  ( 'Airbus', 'A320', '17D', null, 'business'),
( 'Airbus', 'A320', '18C', null, 'business'),  ( 'Airbus', 'A320', '18D', null, 'business'),
( 'Airbus', 'A320', '19C', 25.00, 'business'), ( 'Airbus', 'A320', '19D', 25.00, 'business'),
( 'Airbus', 'A320', '20C', 50.00, 'business'), ( 'Airbus', 'A320', '20D', 50.00, 'business'),
( 'Airbus', 'A330', '01A', null, 'economica'), ( 'Airbus', 'A330', '01B', null, 'economica'), 
( 'Airbus', 'A330', '02A', null, 'economica'), ( 'Airbus', 'A330', '02B', null, 'economica'), 
( 'Airbus', 'A330', '03A', null, 'economica'), ( 'Airbus', 'A330', '03B', null, 'economica'), 
( 'Airbus', 'A330', '04A', null, 'economica'), ( 'Airbus', 'A330', '04B', null, 'economica'), 
( 'Airbus', 'A330', '05A', null, 'economica'), ( 'Airbus', 'A330', '05B', null, 'economica'), 
( 'Airbus', 'A330', '06A', null, 'economica'), ( 'Airbus', 'A330', '06B', null, 'economica'), 
( 'Airbus', 'A330', '07A', null, 'economica'), ( 'Airbus', 'A330', '07B', null, 'economica'), 
( 'Airbus', 'A330', '08A', null, 'economica'), ( 'Airbus', 'A330', '08B', null, 'economica'), 
( 'Airbus', 'A330', '09A', null, 'economica'), ( 'Airbus', 'A330', '09B', null, 'economica'), 
( 'Airbus', 'A330', '10A', 2.50, 'economica'), ( 'Airbus', 'A330', '10B', 2.50, 'economica'), 
( 'Airbus', 'A330', '11A', null, 'economica'), ( 'Airbus', 'A330', '11B', null, 'economica'),     
( 'Airbus', 'A330', '12A', null, 'prima'),     ( 'Airbus', 'A330', '12B', null, 'prima'),     
( 'Airbus', 'A330', '13A', null, 'prima'),     ( 'Airbus', 'A330', '13B', null, 'prima'),     
( 'Airbus', 'A330', '14A', null, 'prima'),     ( 'Airbus', 'A330', '14B', null, 'prima'),     
( 'Airbus', 'A330', '15A', 9.50, 'prima'),     ( 'Airbus', 'A330', '15B', 9.50, 'prima'),     
( 'Airbus', 'A330', '16A', null, 'prima'),     ( 'Airbus', 'A330', '16B', null, 'prima'),  
( 'Airbus', 'A330', '17A', null, 'prima'),     ( 'Airbus', 'A330', '17B', null, 'prima'),  
( 'Airbus', 'A330', '18A', null, 'business'),  ( 'Airbus', 'A330', '18B', null, 'business'),  
( 'Airbus', 'A330', '19A', 25.00, 'business'), ( 'Airbus', 'A330', '19B', 25.00, 'business'), 
( 'Airbus', 'A330', '20A', 50.00, 'business'), ( 'Airbus', 'A330', '20B', 50.00, 'business'), 
( 'Airbus', 'A330', '01C', null, 'economica'), ( 'Airbus', 'A330', '01D', null, 'economica'),
( 'Airbus', 'A330', '02C', null, 'economica'), ( 'Airbus', 'A330', '02D', null, 'economica'),
( 'Airbus', 'A330', '03C', null, 'economica'), ( 'Airbus', 'A330', '03D', null, 'economica'),
( 'Airbus', 'A330', '04C', null, 'economica'), ( 'Airbus', 'A330', '04D', null, 'economica'),
( 'Airbus', 'A330', '05C', null, 'economica'), ( 'Airbus', 'A330', '05D', null, 'economica'),
( 'Airbus', 'A330', '06C', null, 'economica'), ( 'Airbus', 'A330', '06D', null, 'economica'),
( 'Airbus', 'A330', '07C', null, 'economica'), ( 'Airbus', 'A330', '07D', null, 'economica'),
( 'Airbus', 'A330', '08C', null, 'economica'), ( 'Airbus', 'A330', '08D', null, 'economica'),
( 'Airbus', 'A330', '09C', null, 'economica'), ( 'Airbus', 'A330', '09D', null, 'economica'),
( 'Airbus', 'A330', '10C', 2.50, 'economica'), ( 'Airbus', 'A330', '10D', 2.50, 'economica'),
( 'Airbus', 'A330', '11C', null, 'economica'), ( 'Airbus', 'A330', '11D', null, 'economica'),
( 'Airbus', 'A330', '12C', null, 'prima'),     ( 'Airbus', 'A330', '12D', null, 'prima'),
( 'Airbus', 'A330', '13C', null, 'prima'),     ( 'Airbus', 'A330', '13D', null, 'prima'),
( 'Airbus', 'A330', '14C', null, 'prima'),     ( 'Airbus', 'A330', '14D', null, 'prima'),
( 'Airbus', 'A330', '15C', 9.50, 'prima'),     ( 'Airbus', 'A330', '15D', 9.50, 'prima'),
( 'Airbus', 'A330', '16C', null, 'prima'),     ( 'Airbus', 'A330', '16D', null, 'prima'),
( 'Airbus', 'A330', '17C', null, 'prima'),     ( 'Airbus', 'A330', '17D', null, 'prima'),
( 'Airbus', 'A330', '18C', null, 'business'),  ( 'Airbus', 'A330', '18D', null, 'business'),
( 'Airbus', 'A330', '19C', 25.00, 'business'), ( 'Airbus', 'A330', '19D', 25.00, 'business'),
( 'Airbus', 'A330', '20C', 50.00, 'business'), ( 'Airbus', 'A330', '20D', 50.00, 'business'),
( 'Airbus', 'A380', '01A', null, 'economica'), ( 'Airbus', 'A380', '01B', null, 'economica'),  ( 'Airbus', 'A380', '01C', null, 'economica'),
( 'Airbus', 'A380', '02A', null, 'economica'), ( 'Airbus', 'A380', '02B', null, 'economica'),  ( 'Airbus', 'A380', '02C', null, 'economica'),
( 'Airbus', 'A380', '03A', null, 'economica'), ( 'Airbus', 'A380', '03B', null, 'economica'),  ( 'Airbus', 'A380', '03C', null, 'economica'),
( 'Airbus', 'A380', '04A', null, 'economica'), ( 'Airbus', 'A380', '04B', null, 'economica'),  ( 'Airbus', 'A380', '04C', null, 'economica'),
( 'Airbus', 'A380', '05A', null, 'economica'), ( 'Airbus', 'A380', '05B', null, 'economica'),  ( 'Airbus', 'A380', '05C', null, 'economica'),
( 'Airbus', 'A380', '06A', null, 'economica'), ( 'Airbus', 'A380', '06B', null, 'economica'),  ( 'Airbus', 'A380', '06C', null, 'economica'),
( 'Airbus', 'A380', '07A', null, 'economica'), ( 'Airbus', 'A380', '07B', null, 'economica'),  ( 'Airbus', 'A380', '07C', null, 'economica'),
( 'Airbus', 'A380', '08A', null, 'economica'), ( 'Airbus', 'A380', '08B', null, 'economica'),  ( 'Airbus', 'A380', '08C', null, 'economica'),
( 'Airbus', 'A380', '09A', null, 'economica'), ( 'Airbus', 'A380', '09B', null, 'economica'),  ( 'Airbus', 'A380', '09C', null, 'economica'),
( 'Airbus', 'A380', '10A', null, 'economica'), ( 'Airbus', 'A380', '10B', null, 'economica'),  ( 'Airbus', 'A380', '10C', null, 'economica'),
( 'Airbus', 'A380', '11A', null, 'economica'), ( 'Airbus', 'A380', '11B', null, 'economica'),  ( 'Airbus', 'A380', '11C', null, 'economica'),
( 'Airbus', 'A380', '12A', null, 'economica'), ( 'Airbus', 'A380', '12B', null, 'economica'),  ( 'Airbus', 'A380', '12C', null, 'economica'),
( 'Airbus', 'A380', '13A', 10.5, 'economica'), ( 'Airbus', 'A380', '13B', 10.5, 'economica'),  ( 'Airbus', 'A380', '13C', 10.5, 'economica'),
( 'Airbus', 'A380', '14A', null, 'economica'), ( 'Airbus', 'A380', '14B', null, 'economica'),  ( 'Airbus', 'A380', '14C', null, 'economica'),
( 'Airbus', 'A380', '15A', null, 'economica'), ( 'Airbus', 'A380', '15B', null, 'economica'),  ( 'Airbus', 'A380', '15C', null, 'economica'),
( 'Airbus', 'A380', '16A', null, 'economica'), ( 'Airbus', 'A380', '16B', null, 'economica'),  ( 'Airbus', 'A380', '16C', null, 'economica'),
( 'Airbus', 'A380', '17A', null, 'economica'), ( 'Airbus', 'A380', '17B', null, 'economica'),  ( 'Airbus', 'A380', '17C', null, 'economica'),
( 'Airbus', 'A380', '18A', null, 'economica'), ( 'Airbus', 'A380', '18B', null, 'economica'),  ( 'Airbus', 'A380', '18C', null, 'economica'),
( 'Airbus', 'A380', '19A', null, 'economica'), ( 'Airbus', 'A380', '19B', null, 'economica'),  ( 'Airbus', 'A380', '19C', null, 'economica'),
( 'Airbus', 'A380', '20A', null, 'economica'), ( 'Airbus', 'A380', '20B', null, 'economica'),  ( 'Airbus', 'A380', '20C', null, 'economica'),
( 'Airbus', 'A380', '21A', null, 'prima'),     ( 'Airbus', 'A380', '21B', null, 'prima'),      ( 'Airbus', 'A380', '21C', null, 'prima'),
( 'Airbus', 'A380', '22A', null, 'prima'),     ( 'Airbus', 'A380', '22B', null, 'prima'),      ( 'Airbus', 'A380', '22C', null, 'prima'),
( 'Airbus', 'A380', '23A', null, 'prima'),     ( 'Airbus', 'A380', '23B', null, 'prima'),      ( 'Airbus', 'A380', '23C', null, 'prima'),
( 'Airbus', 'A380', '24A', null, 'prima'),     ( 'Airbus', 'A380', '24B', null, 'prima'),      ( 'Airbus', 'A380', '24C', null, 'prima'),
( 'Airbus', 'A380', '25A', null, 'prima'),     ( 'Airbus', 'A380', '25B', null, 'prima'),      ( 'Airbus', 'A380', '25C', null, 'prima'),
( 'Airbus', 'A380', '26A', null, 'prima'),     ( 'Airbus', 'A380', '26B', null, 'prima'),      ( 'Airbus', 'A380', '26C', null, 'prima'),
( 'Airbus', 'A380', '27A', null, 'prima'),     ( 'Airbus', 'A380', '27B', null, 'prima'),      ( 'Airbus', 'A380', '27C', null, 'prima'),
( 'Airbus', 'A380', '28A', null, 'prima'),     ( 'Airbus', 'A380', '28B', null, 'prima'),      ( 'Airbus', 'A380', '28C', null, 'prima'),
( 'Airbus', 'A380', '29A', null, 'prima'),     ( 'Airbus', 'A380', '29B', null, 'prima'),      ( 'Airbus', 'A380', '29C', null, 'prima'),
( 'Airbus', 'A380', '30A', 12.5, 'prima'),     ( 'Airbus', 'A380', '30B', 12.5, 'prima'),      ( 'Airbus', 'A380', '30C', 12.5, 'prima'),
( 'Airbus', 'A380', '31A', null, 'business'),  ( 'Airbus', 'A380', '31B', null, 'business'),   ( 'Airbus', 'A380', '31C', null, 'business'),
( 'Airbus', 'A380', '32A', null, 'business'),  ( 'Airbus', 'A380', '32B', null, 'business'),   ( 'Airbus', 'A380', '32C', null, 'business'),
( 'Airbus', 'A380', '33A', 25, 'business'),    ( 'Airbus', 'A380', '33B', 25, 'business'),     ( 'Airbus', 'A380', '33C', 25, 'business'),
( 'Airbus', 'A380', '34A', 50, 'business'),    ( 'Airbus', 'A380', '34B', 50, 'business'),     ( 'Airbus', 'A380', '34C', 50, 'business'),
( 'Airbus', 'A380', '35A', 100, 'business'),   ( 'Airbus', 'A380', '35B', 100, 'business'),    ( 'Airbus', 'A380', '35C', 100, 'business'),
( 'Airbus', 'A380', '01D', null, 'economica'), ( 'Airbus', 'A380', '01E', null, 'economica'),  ( 'Airbus', 'A380', '01F', null, 'economica'),
( 'Airbus', 'A380', '02D', null, 'economica'), ( 'Airbus', 'A380', '02E', null, 'economica'),  ( 'Airbus', 'A380', '02F', null, 'economica'),
( 'Airbus', 'A380', '03D', null, 'economica'), ( 'Airbus', 'A380', '03E', null, 'economica'),  ( 'Airbus', 'A380', '03F', null, 'economica'),
( 'Airbus', 'A380', '04D', null, 'economica'), ( 'Airbus', 'A380', '04E', null, 'economica'),  ( 'Airbus', 'A380', '04F', null, 'economica'),
( 'Airbus', 'A380', '05D', null, 'economica'), ( 'Airbus', 'A380', '05E', null, 'economica'),  ( 'Airbus', 'A380', '05F', null, 'economica'),
( 'Airbus', 'A380', '06D', null, 'economica'), ( 'Airbus', 'A380', '06E', null, 'economica'),  ( 'Airbus', 'A380', '06F', null, 'economica'),
( 'Airbus', 'A380', '07D', null, 'economica'), ( 'Airbus', 'A380', '07E', null, 'economica'),  ( 'Airbus', 'A380', '07F', null, 'economica'),
( 'Airbus', 'A380', '08D', null, 'economica'), ( 'Airbus', 'A380', '08E', null, 'economica'),  ( 'Airbus', 'A380', '08F', null, 'economica'),
( 'Airbus', 'A380', '09D', null, 'economica'), ( 'Airbus', 'A380', '09E', null, 'economica'),  ( 'Airbus', 'A380', '09F', null, 'economica'),
( 'Airbus', 'A380', '10D', null, 'economica'), ( 'Airbus', 'A380', '10E', null, 'economica'),  ( 'Airbus', 'A380', '10F', null, 'economica'),
( 'Airbus', 'A380', '11D', null, 'economica'), ( 'Airbus', 'A380', '11E', null, 'economica'),  ( 'Airbus', 'A380', '11F', null, 'economica'),
( 'Airbus', 'A380', '12D', null, 'economica'), ( 'Airbus', 'A380', '12E', null, 'economica'),  ( 'Airbus', 'A380', '12F', null, 'economica'),
( 'Airbus', 'A380', '13D', 10.5, 'economica'), ( 'Airbus', 'A380', '13E', 10.5, 'economica'),  ( 'Airbus', 'A380', '13F', 10.5, 'economica'),
( 'Airbus', 'A380', '14D', null, 'economica'), ( 'Airbus', 'A380', '14E', null, 'economica'),  ( 'Airbus', 'A380', '14F', null, 'economica'),
( 'Airbus', 'A380', '15D', null, 'economica'), ( 'Airbus', 'A380', '15E', null, 'economica'),  ( 'Airbus', 'A380', '15F', null, 'economica'),
( 'Airbus', 'A380', '16D', null, 'economica'), ( 'Airbus', 'A380', '16E', null, 'economica'),  ( 'Airbus', 'A380', '16F', null, 'economica'),
( 'Airbus', 'A380', '17D', null, 'economica'), ( 'Airbus', 'A380', '17E', null, 'economica'),  ( 'Airbus', 'A380', '17F', null, 'economica'),
( 'Airbus', 'A380', '18D', null, 'economica'), ( 'Airbus', 'A380', '18E', null, 'economica'),  ( 'Airbus', 'A380', '18F', null, 'economica'),
( 'Airbus', 'A380', '19D', null, 'economica'), ( 'Airbus', 'A380', '19E', null, 'economica'),  ( 'Airbus', 'A380', '19F', null, 'economica'),
( 'Airbus', 'A380', '20D', null, 'economica'), ( 'Airbus', 'A380', '20E', null, 'economica'),  ( 'Airbus', 'A380', '20F', null, 'economica'),
( 'Airbus', 'A380', '21D', null, 'prima'),     ( 'Airbus', 'A380', '21E', null, 'prima'),      ( 'Airbus', 'A380', '21F', null, 'prima'),
( 'Airbus', 'A380', '22D', null, 'prima'),     ( 'Airbus', 'A380', '22E', null, 'prima'),      ( 'Airbus', 'A380', '22F', null, 'prima'),
( 'Airbus', 'A380', '23D', null, 'prima'),     ( 'Airbus', 'A380', '23E', null, 'prima'),      ( 'Airbus', 'A380', '23F', null, 'prima'),
( 'Airbus', 'A380', '24D', null, 'prima'),     ( 'Airbus', 'A380', '24E', null, 'prima'),      ( 'Airbus', 'A380', '24F', null, 'prima'),
( 'Airbus', 'A380', '25D', null, 'prima'),     ( 'Airbus', 'A380', '25E', null, 'prima'),      ( 'Airbus', 'A380', '25F', null, 'prima'),
( 'Airbus', 'A380', '26D', null, 'prima'),     ( 'Airbus', 'A380', '26E', null, 'prima'),      ( 'Airbus', 'A380', '26F', null, 'prima'),
( 'Airbus', 'A380', '27D', null, 'prima'),     ( 'Airbus', 'A380', '27E', null, 'prima'),      ( 'Airbus', 'A380', '27F', null, 'prima'),
( 'Airbus', 'A380', '28D', null, 'prima'),     ( 'Airbus', 'A380', '28E', null, 'prima'),      ( 'Airbus', 'A380', '28F', null, 'prima'),
( 'Airbus', 'A380', '29D', null, 'prima'),     ( 'Airbus', 'A380', '29E', null, 'prima'),      ( 'Airbus', 'A380', '29F', null, 'prima'),
( 'Airbus', 'A380', '30D', 12.5, 'prima'),     ( 'Airbus', 'A380', '30E', 12.5, 'prima'),      ( 'Airbus', 'A380', '30F', 12.5, 'prima'),
( 'Airbus', 'A380', '31D', null, 'business'),  ( 'Airbus', 'A380', '31E', null, 'business'),   ( 'Airbus', 'A380', '31F', null, 'business'),
( 'Airbus', 'A380', '32D', null, 'business'),  ( 'Airbus', 'A380', '32E', null, 'business'),   ( 'Airbus', 'A380', '32F', null, 'business'),
( 'Airbus', 'A380', '33D', 25, 'business'),    ( 'Airbus', 'A380', '33E', 25, 'business'),     ( 'Airbus', 'A380', '33F', 25, 'business'),
( 'Airbus', 'A380', '34D', 50, 'business'),    ( 'Airbus', 'A380', '34E', 50, 'business'),     ( 'Airbus', 'A380', '34F', 50, 'business'),
( 'Airbus', 'A380', '35D', 100, 'business'),   ( 'Airbus', 'A380', '35E', 100, 'business'),    ( 'Airbus', 'A380', '35F', 100, 'business');

insert into PASSEGGERO values
( 'Emily', 'Pasquale', 'PSQMLY27B45C573V', 'Emily.Pasquale@gmail.com', 'anttsjae'), ( 'Vittoria', 'Conti', 'CNTVTR25R66C573W', 'Vittoria.Conti@outlook.com', 'nulniklk'),
( 'Domenico', 'Ferri', 'FRRDNC23L27C573T', 'Domenico.Ferri@outlook.com', 'mnfcywoy'), ( 'Vincenzo', 'Leo', 'LEOVCN50M28C573J', 'Vincenzo.Leo@outlook.com', 'ihvyuggr'),
( 'Luca', 'Gallo', 'GLLLCU64H01C573B', 'Luca.Gallo@outlook.com', 'wceczcuz'), ( 'Gioele', 'Poli', 'PLOGLI57R15C573K', 'Gioele.Poli@gmail.com', 'qlrongzp'),
( 'Giulia', 'Paola', 'PLAGLI86B54C573X', 'Giulia.Paola@outlook.com', 'juflkzlz'), ( 'Lorenzo', 'Santoro', 'SNTLNZ50B12C573N', 'Lorenzo.Santoro@outlook.com', 'arfxnhbq'),
( 'Chiara', 'Giuliani', 'GLNCHR62C61C573J', 'Chiara.Giuliani@gmail.com', 'yogvngmk'), ( 'Giuseppe', 'Bernardi', 'BRNGPP07H23C573U', 'Giuseppe.Bernardi@gmail.com', 'kmzzjvvr'),
( 'Arianna', 'Conti', 'CNTRNN27R46C573U', 'Arianna.Conti@gmail.com', 'odyhvmpy'), ( 'Emanuele', 'Franco', 'FRNMNL30E20C573L', 'Emanuele.Franco@outlook.com', 'hyqmyabw'),
( 'Marco', 'Messina', 'MSSMRC09C05C573X', 'Marco.Messina@gmail.com', 'qopamycw'), ( 'Aurora', 'Palma', 'PLMRRA63A68C573A', 'Aurora.Palma@gmail.com', 'zdiamjiv'),
( 'Antonio', 'Valentini', 'VLNNTN76H16C573K', 'Antonio.Valentini@outlook.com', 'hanbuhsa'), ( 'Diego', 'Villa', 'VLLDGI77M09C573N', 'Diego.Villa@gmail.com', 'welntvji'),
( 'Beatrice', 'Esposito', 'SPSBRC42E42C573E', 'Beatrice.Esposito@outlook.com', 'wrwpjrix'), ( 'Margherita', 'Longo', 'LNGMGH06S66C573F', 'Margherita.Longo@outlook.com', 'edzkfhwm'),
( 'Matilde', 'Re', 'REXMLD77S45C573I', 'Matilde.Re@gmail.com', 'lxrnmhrf'), ( 'Nina', 'Bruno', 'BRNNNI23P56C573I', 'Nina.Bruno@gmail.com', 'mqeeblzm'),
( 'Ginevra', 'Longo', 'LNGGVR16T58C573I', 'Ginevra.Longo@outlook.com', 'vdwrckoj'), ( 'Pietro', 'Silvestri', 'SLVPTR22S26C573O', 'Pietro.Silvestri@gmail.com', 'czgjmrfq'),
( 'Bianca', 'Rinaldi', 'RNLBNC01L68C573E', 'Bianca.Rinaldi@gmail.com', 'ufsjehbh'), ( 'Domenico', 'Rossetti', 'RSSDNC33P22C573I', 'Domenico.Rossetti@gmail.com', 'ykhhotlx'),
( 'Antonio', 'Sala', 'SLANTN13S23C573N', 'Antonio.Sala@outlook.com', 'bnavszyw'), ( 'Alessia', 'Palumbo', 'PLMLSS92H66C573H', 'Alessia.Palumbo@outlook.com', 'evzhvwqq'),
( 'Giorgio', 'Villa', 'VLLGRG46T14C573J', 'Giorgio.Villa@outlook.com', 'pkrrrzax'), ( 'Ambra', 'Guerra', 'GRRMBR90T51C573I', 'Ambra.Guerra@outlook.com', 'mcgtdpko'),
( 'Riccardo', 'Pellegrino', 'PLLRCR41E17C573T', 'Riccardo.Pellegrino@outlook.com', 'nzbthzsw'), ( 'Alice', 'Santino', 'SNTLCA11P46C573D', 'Alice.Santino@outlook.com', 'cfvlicbq'),
( 'Carlotta', 'Riva', 'RVICLT47L53C573E', 'Carlotta.Riva@gmail.com', 'sihwdlyo'), ( 'Cecilia', 'Cattaneo', 'CTTCCL35C51C573D', 'Cecilia.Cattaneo@outlook.com', 'zpimlxrh'),
( 'Cecilia', 'Martinelli', 'MRTCCL24A54C573Q', 'Cecilia.Martinelli@gmail.com', 'umfhyhed'), ( 'Aurora', 'Gentile', 'GNTRRA71M52C573M', 'Aurora.Gentile@gmail.com', 'xjzfnofl'),
( 'Davide', 'Sala', 'SLADVD02H15C573Z', 'Davide.Sala@gmail.com', 'pudrpklk'), ( 'Alessio', 'Villa', 'VLLLSS55M26C573S', 'Alessio.Villa@outlook.com', 'rgqdikou'),
( 'Isabel', 'Ferro', 'FRRSBL26C43C573T', 'Isabel.Ferro@outlook.com', 'mvvbvoqr'), ( 'Filippo', 'Palumbo', 'PLMFPP22H26C573V', 'Filippo.Palumbo@gmail.com', 'jxeizueh'),
( 'Luigi', 'Martini', 'MRTLGU96L20C573C', 'Luigi.Martini@gmail.com', 'dgokdvel'), ( 'Gioia', 'Villa', 'VLLGIO93T62C573M', 'Gioia.Villa@gmail.com', 'igrsruqz'),
( 'Nina', 'Costa', 'CSTNNI27S52C573L', 'Nina.Costa@outlook.com', 'cbrevvkl'), ( 'Ludovica', 'Paola', 'PLALVC09C68C573D', 'Ludovica.Paola@outlook.com', 'nopopzmq'),
( 'Nicole', 'Martino', 'MRTNCL64A66C573S', 'Nicole.Martino@outlook.com', 'taezwizi'), ( 'Noah', 'Marchi', 'MRCNHO42B10C573W', 'Noah.Marchi@outlook.com', 'epijrwis'),
( 'Elisa', 'Valentini', 'VLNLSE34B68C573D', 'Elisa.Valentini@gmail.com', 'pqzsbdwj'), ( 'Alessio', 'Romano', 'RMNLSS11S28C573O', 'Alessio.Romano@outlook.com', 'mtoqewvp'),
( 'Michele', 'Marchetti', 'MRCMHL43D20C573B', 'Michele.Marchetti@outlook.com', 'fqcmdsld'), ( 'Nicole', 'Rocca', 'RCCNCL92L49C573V', 'Nicole.Rocca@outlook.com', 'zptunbaf'),
( 'Liam', 'Agostino', 'GSTLMI16B02C573U', 'Liam.Agostino@gmail.com', 'mqguuakb'), ( 'Edoardo', 'Testa', 'TSTDRD55C19C573E', 'Edoardo.Testa@outlook.com', 'yxhdbevb'),
( 'Luigi', 'Re', 'REXLGU71R08C573B', 'Luigi.Re@gmail.com', 'vzdawlpo'), ( 'Elisa', 'Franco', 'FRNLSE78R49C573I', 'Elisa.Franco@gmail.com', 'fmwrxzsk'),
( 'Isabel', 'Ferrara', 'FRRSBL73E56C573P', 'Isabel.Ferrara@outlook.com', 'rgiwdfhv'), ( 'Marta', 'Moretti', 'MRTMRT81P57C573G', 'Marta.Moretti@outlook.com', 'jmejlkpz'),
( 'Gioia', 'Amico', 'MCAGIO56C57C573F', 'Gioia.Amico@outlook.com', 'mpaxsyzj'), ( 'Ettore', 'Martinelli', 'MRTTTR14S28C573J', 'Ettore.Martinelli@outlook.com', 'kkppujdu'),
( 'Azzurra', 'Fontana', 'FNTZRR37B66C573Y', 'Azzurra.Fontana@outlook.com', 'cyiawjny'), ( 'Nicole', 'Mariani', 'MRNNCL51P45C573R', 'Nicole.Mariani@outlook.com', 'sxprkqgv'),
( 'Noah', 'Lombardo', 'LMBNHO65A01C573G', 'Noah.Lombardo@gmail.com', 'tkghurax'), ( 'Elia', 'Re', 'REXLEI01S11C573F', 'Elia.Re@gmail.com', 'hdpppais'),
( 'Mia', 'Monti', 'MNTMIA57A46C573P', 'Mia.Monti@gmail.com', 'jxbiqbss'), ( 'Simone', 'Poli', 'PLOSMN40A12C573P', 'Simone.Poli@gmail.com', 'ozjkdqgt'),
( 'Eleonora', 'Bernardi', 'BRNLNR89L58C573O', 'Eleonora.Bernardi@outlook.com', 'tlvovbsj'), ( 'Domenico', 'Galli', 'GLLDNC69L12C573O', 'Domenico.Galli@outlook.com', 'jsmpwzrt'),
( 'Andrea', 'Russo', 'RSSNDR27E24C573G', 'Andrea.Russo@outlook.com', 'vybymivs'), ( 'Luca', 'Torre', 'TRRLCU62B19C573N', 'Luca.Torre@outlook.com', 'qgwjlqhq'),
( 'Antonio', 'Monaco', 'MNCNTN38S21C573E', 'Antonio.Monaco@gmail.com', 'rasturuz'), ( 'Vincenzo', 'Rinaldi', 'RNLVCN21M13C573V', 'Vincenzo.Rinaldi@gmail.com', 'syduocuz'),
( 'Beatrice', 'Greco', 'GRCBRC26A53C573X', 'Beatrice.Greco@gmail.com', 'gyonzdqh'), ( 'Martina', 'Ferrara', 'FRRMTN27A54C573D', 'Martina.Ferrara@gmail.com', 'bsbuwtvz'),
( 'Gioia', 'Mancini', 'MNCGIO61D63C573K', 'Gioia.Mancini@gmail.com', 'ocriinla'), ( 'Alice', 'Cattaneo', 'CTTLCA19C43C573E', 'Alice.Cattaneo@outlook.com', 'dztmksof'),
( 'Matilde', 'Marini', 'MRNMLD38L54C573G', 'Matilde.Marini@outlook.com', 'izyhuybo'), ( 'Giorgio', 'Santino', 'SNTGRG19D17C573S', 'Giorgio.Santino@outlook.com', 'dziepfor'),
( 'Daniel', 'Torre', 'TRRDNL50D26C573J', 'Daniel.Torre@gmail.com', 'ripstwve'), ( 'Anna', 'Russo', 'RSSNNA77B50C573A', 'Anna.Russo@gmail.com', 'aunjdxgt'),
( 'Giada', 'Ferrari', 'FRRGDI20D44C573J', 'Giada.Ferrari@gmail.com', 'zcdyfycl'), ( 'Marco', 'Bruno', 'BRNMRC06H02C573N', 'Marco.Bruno@gmail.com', 'lyuqvoik'),
( 'Giuseppe', 'Vitale', 'VTLGPP30E11C573Z', 'Giuseppe.Vitale@gmail.com', 'anssdtsx'), ( 'Marta', 'Carbone', 'CRBMRT55E63C573A', 'Marta.Carbone@gmail.com', 'fenmxgii'),
( 'Martina', 'Santino', 'SNTMTN33M50C573L', 'Martina.Santino@outlook.com', 'xtxwyhra'), ( 'Elisa', 'Pellegrini', 'PLLLSE83C63C573K', 'Elisa.Pellegrini@gmail.com', 'ekwennjo'),
( 'Nicolò', 'Amato', 'MTANCL33R06C573Z', 'Nicolò.Amato@gmail.com', 'hiqrbpsi'), ( 'Cecilia', 'Benedetti', 'BNDCCL34T58C573M', 'Cecilia.Benedetti@outlook.com', 'cuocneke'),
( 'Filippo', 'Longo', 'LNGFPP61H10C573P', 'Filippo.Longo@outlook.com', 'wtwdtdhh'), ( 'Elisa', 'Dalla', 'DLLLSE74D52C573M', 'Elisa.Dalla@outlook.com', 'msllbwht'),
( 'Sole', 'Parisi', 'PRSSLO49R58C573R', 'Sole.Parisi@outlook.com', 'dcghphut'), ( 'Giorgio', 'Lombardo', 'LMBGRG53M09C573Q', 'Giorgio.Lombardo@outlook.com', 'uberftja'),
( 'Eleonora', 'Agostino', 'GSTLNR97A51C573C', 'Eleonora.Agostino@gmail.com', 'szlxjwcc'), ( 'Antonio', 'Conte', 'CNTNTN38T14C573K', 'Antonio.Conte@gmail.com', 'yxyonfcw'),
( 'Marta', 'Guerra', 'GRRMRT05D47C573M', 'Marta.Guerra@gmail.com', 'vegjpcgq'), ( 'Maria', 'Vitale', 'VTLMRA15D42C573Z', 'Maria.Vitale@outlook.com', 'yzazvplw'),
( 'Samuele', 'Paola', 'PLASML83M16C573R', 'Samuele.Paola@gmail.com', 'aaapnrbf'), ( 'Tommaso', 'Franco', 'FRNTMS10S27C573J', 'Tommaso.Franco@outlook.com', 'wjsbmopk'),
( 'Diego', 'Costa', 'CSTDGI74C21C573Q', 'Diego.Costa@outlook.com', 'uqttatnj'), ( 'Elisa', 'Sala', 'SLALSE57E43C573Q', 'Elisa.Sala@outlook.com', 'kpfxewbn'),
( 'Luna', 'Romano', 'RMNLNU92E47C573R', 'Luna.Romano@gmail.com', 'oufbaydz'), ( 'Samuele', 'Caruso', 'CRSSML20B27C573E', 'Samuele.Caruso@gmail.com', 'kwyixxzv'),
( 'Giacomo', 'Ferrari', 'FRRGCM59S26C573L', 'Giacomo.Ferrari@gmail.com', 'ahpfawjt'), ( 'Gabriele', 'Pellegrini', 'PLLGRL93M05C573X', 'Gabriele.Pellegrini@gmail.com', 'fzvsfljx'),
( 'Giovanni', 'Parisi', 'PRSGNN54T03C573I', 'Giovanni.Parisi@outlook.com', 'ysiwogkm'), ( 'Giacomo', 'Giorgi', 'GRGGCM01B16C573N', 'Giacomo.Giorgi@gmail.com', 'oaeodykq'),
( 'Thomas', 'Neri', 'NRETMS71D13C573H', 'Thomas.Neri@gmail.com', 'ugnqhjmq'), ( 'Eleonora', 'Vitale', 'VTLLNR02H51C573F', 'Eleonora.Vitale@outlook.com', 'wdnuujfo'),
( 'Alessandro', 'Sanna', 'SNNLSN40R15C573L', 'Alessandro.Sanna@gmail.com', 'mpfwlurv'), ( 'Gabriele', 'Palumbo', 'PLMGRL84C03C573R', 'Gabriele.Palumbo@gmail.com', 'uvndlyse'),
( 'Alice', 'Fabbri', 'FBBLCA87R63C573C', 'Alice.Fabbri@gmail.com', 'lrhaitoo'), ( 'Gabriel', 'Silvestri', 'SLVGRL65L04C573Q', 'Gabriel.Silvestri@gmail.com', 'btlmkucy'),
( 'Tommaso', 'Testa', 'TSTTMS04T26C573K', 'Tommaso.Testa@outlook.com', 'szktowxf'), ( 'Daniele', 'Bruno', 'BRNDNL49A15C573D', 'Daniele.Bruno@outlook.com', 'csrhqxav'),
( 'Marta', 'Galli', 'GLLMRT15E51C573N', 'Marta.Galli@outlook.com', 'bbfttyur'), ( 'Elisa', 'Angelo', 'NGLLSE13P53C573A', 'Elisa.Angelo@outlook.com', 'ikofvoxh'),
( 'Alessia', 'Torre', 'TRRLSS64D52C573P', 'Alessia.Torre@outlook.com', 'edtdqbct'), ( 'Federico', 'Franco', 'FRNFRC98S21C573H', 'Federico.Franco@gmail.com', 'jbeyyjdb'),
( 'Nina', 'Angelis', 'NGLNNI45R46C573L', 'Nina.Angelis@gmail.com', 'rxgjifhh'), ( 'Alessia', 'Farina', 'FRNLSS03L67C573V', 'Alessia.Farina@outlook.com', 'trjvqrtm'),
( 'Federico', 'Rizzo', 'RZZFRC70C12C573Y', 'Federico.Rizzo@outlook.com', 'jbjydbyn'), ( 'Andrea', 'Agostino', 'GSTNDR57E03C573T', 'Andrea.Agostino@gmail.com', 'bsyvtnzo'),
( 'Leonardo', 'Barbieri', 'BRBLRD01C05C573K', 'Leonardo.Barbieri@outlook.com', 'kgecnffk'), ( 'Tommaso', 'Cattaneo', 'CTTTMS62L24C573Y', 'Tommaso.Cattaneo@outlook.com', 'cuikjcdv'),
( 'Greta', 'Pellegrini', 'PLLGRT50A60C573X', 'Greta.Pellegrini@gmail.com', 'cojqcndf'), ( 'Damiano', 'Cattaneo', 'CTTDMN11A15C573N', 'Damiano.Cattaneo@outlook.com', 'aejqjfes'),
( 'Diego', 'Giorgi', 'GRGDGI13D25C573X', 'Diego.Giorgi@outlook.com', 'ipunxeyi'), ( 'Manuel', 'Palma', 'PLMMNL63H16C573Z', 'Manuel.Palma@gmail.com', 'cceyvjgc'),
( 'Federico', 'Guerra', 'GRRFRC88R22C573W', 'Federico.Guerra@outlook.com', 'hrykcmlx'), ( 'Simone', 'Parisi', 'PRSSMN01S22C573B', 'Simone.Parisi@gmail.com', 'uggdwnlc'),
( 'Giada', 'Gatti', 'GTTGDI37E54C573F', 'Giada.Gatti@outlook.com', 'laqkdkuq'), ( 'Giulio', 'Caruso', 'CRSGLI82P24C573M', 'Giulio.Caruso@outlook.com', 'sgnxynfq'),
( 'Samuel', 'Torre', 'TRRSML47B04C573K', 'Samuel.Torre@outlook.com', 'zarqrqci'), ( 'Rebecca', 'Pellegrino', 'PLLRCC62P47C573I', 'Rebecca.Pellegrino@gmail.com', 'sdvbomsb'),
( 'Samuele', 'Russo', 'RSSSML96A24C573X', 'Samuele.Russo@outlook.com', 'lkftgakr'), ( 'Samuele', 'Pellegrini', 'PLLSML43H01C573T', 'Samuele.Pellegrini@outlook.com', 'twuxdvzi'),
( 'Leonardo', 'Mariani', 'MRNLRD37R07C573P', 'Leonardo.Mariani@outlook.com', 'yqqgiowo'), ( 'Bianca', 'Ferraro', 'FRRBNC58A57C573E', 'Bianca.Ferraro@gmail.com', 'nytresiv'),
( 'Giulio', 'Poli', 'PLOGLI06C19C573C', 'Giulio.Poli@outlook.com', 'jnwwkejk'), ( 'Mia', 'Torre', 'TRRMIA41P64C573X', 'Mia.Torre@outlook.com', 'slzaaxjs'),
( 'Samuele', 'Marchetti', 'MRCSML49P05C573U', 'Samuele.Marchetti@gmail.com', 'vmfljjdh'), ( 'Luca', 'Esposito', 'SPSLCU60H22C573N', 'Luca.Esposito@outlook.com', 'elnyqicw'),
( 'Elia', 'Marini', 'MRNLEI51D21C573F', 'Elia.Marini@outlook.com', 'ckgybmue'), ( 'Nina', 'Marini', 'MRNNNI56A65C573I', 'Nina.Marini@gmail.com', 'vgsnkhmo'),
( 'Salvatore', 'Ferro', 'FRRSVT52B20C573C', 'Salvatore.Ferro@gmail.com', 'hbdazmxr'), ( 'Emanuele', 'Ferri', 'FRRMNL31M14C573Q', 'Emanuele.Ferri@outlook.com', 'fzozpkit'),
( 'Riccardo', 'Franco', 'FRNRCR55B16C573W', 'Riccardo.Franco@outlook.com', 'gfkrkvqe'), ( 'Nicole', 'Valentini', 'VLNNCL76R43C573L', 'Nicole.Valentini@outlook.com', 'rdxgttut'),
( 'Luna', 'Greco', 'GRCLNU00T67C573Z', 'Luna.Greco@outlook.com', 'liaicvmg'), ( 'Antonio', 'Carbone', 'CRBNTN31C25C573P', 'Antonio.Carbone@gmail.com', 'ociudqxi'),
( 'Anita', 'Esposito', 'SPSNTA16E42C573P', 'Anita.Esposito@outlook.com', 'xakntwcf'), ( 'Alice', 'Ferri', 'FRRLCA54R49C573D', 'Alice.Ferri@outlook.com', 'yslpoxww'),
( 'Greta', 'Silvestri', 'SLVGRT05D49C573D', 'Greta.Silvestri@outlook.com', 'bvxvwerp'), ( 'Gabriel', 'Longo', 'LNGGRL61S22C573R', 'Gabriel.Longo@gmail.com', 'cdrpdzgg'),
( 'Camilla', 'Amato', 'MTACLL49P48C573Y', 'Camilla.Amato@outlook.com', 'gqctahty'), ( 'Aurora', 'Lombardo', 'LMBRRA20C42C573L', 'Aurora.Lombardo@gmail.com', 'hwmcdmbb'),
( 'Sara', 'Martinelli', 'MRTSRA95S63C573Z', 'Sara.Martinelli@outlook.com', 'tyalzdsc'), ( 'Sofia', 'Pace', 'PCASFO05R56C573K', 'Sofia.Pace@gmail.com', 'xzutpsuo'),
( 'Camilla', 'Palumbo', 'PLMCLL51R62C573H', 'Camilla.Palumbo@gmail.com', 'dsrjxfth'), ( 'Domenico', 'Poli', 'PLODNC74T19C573G', 'Domenico.Poli@outlook.com', 'bdksiiry'),
( 'Giorgio', 'Benedetti', 'BNDGRG99E16C573U', 'Giorgio.Benedetti@outlook.com', 'xbtjyzvd'), ( 'Emily', 'Martinelli', 'MRTMLY47M57C573S', 'Emily.Martinelli@outlook.com', 'ytynhyjy'),
( 'Luca', 'Paola', 'PLALCU13S25C573G', 'Luca.Paola@gmail.com', 'dzbvifff'), ( 'Liam', 'Marchetti', 'MRCLMI52P17C573M', 'Liam.Marchetti@gmail.com', 'jkqfvazn'),
( 'Sofia', 'Leo', 'LEOSFO08A42C573I', 'Sofia.Leo@outlook.com', 'qwxnvhas'), ( 'Anita', 'Ferrara', 'FRRNTA58A65C573F', 'Anita.Ferrara@gmail.com', 'efagjtuf'),
( 'Matteo', 'Martino', 'MRTMTT11L27C573R', 'Matteo.Martino@gmail.com', 'kjevhvqy'), ( 'Giulio', 'Cattaneo', 'CTTGLI64E13C573R', 'Giulio.Cattaneo@outlook.com', 'xrahsuvo'),
( 'Sophie', 'Santino', 'SNTSPH00L51C573C', 'Sophie.Santino@gmail.com', 'ortdkucj'), ( 'Giulia', 'Santoro', 'SNTGLI67T62C573D', 'Giulia.Santoro@gmail.com', 'gvjuuqoy'),
( 'Carlotta', 'Bruno', 'BRNCLT39S47C573K', 'Carlotta.Bruno@outlook.com', 'ovymslsp'), ( 'Michele', 'Ferrara', 'FRRMHL87L02C573M', 'Michele.Ferrara@outlook.com', 'vvnchvwm'),
( 'Giuseppe', 'Messina', 'MSSGPP17P06C573W', 'Giuseppe.Messina@outlook.com', 'soakcytr'), ( 'Giuseppe', 'Marchetti', 'MRCGPP97E05C573N', 'Giuseppe.Marchetti@outlook.com', 'ysruebkr'),
( 'Lorenzo', 'Longo', 'LNGLNZ14S11C573E', 'Lorenzo.Longo@gmail.com', 'ucdcrkyf'), ( 'Jacopo', 'Mariani', 'MRNJCP58S08C573J', 'Jacopo.Mariani@gmail.com', 'lotzqvul'),
( 'Alessia', 'Agostino', 'GSTLSS95A48C573L', 'Alessia.Agostino@outlook.com', 'zfiytvwn'), ( 'Pietro', 'Mauro', 'MRAPTR09A12C573Y', 'Pietro.Mauro@outlook.com', 'rbdrjgvg'),
( 'Emily', 'Costa', 'CSTMLY18S60C573D', 'Emily.Costa@gmail.com', 'irliqoky'), ( 'Martina', 'Fabbri', 'FBBMTN05A58C573J', 'Martina.Fabbri@outlook.com', 'tatdsjtp'),
( 'Giorgia', 'Silvestri', 'SLVGRG43E56C573T', 'Giorgia.Silvestri@gmail.com', 'thdsjpdj'), ( 'Antonio', 'Ricci', 'RCCNTN72R15C573V', 'Antonio.Ricci@gmail.com', 'qmigmgng'),
( 'Maria', 'Poli', 'PLOMRA21R61C573Q', 'Maria.Poli@gmail.com', 'zosldklk'), ( 'Viola', 'Caruso', 'CRSVLI19H58C573Q', 'Viola.Caruso@gmail.com', 'xutihlab'),
( 'Alessandro', 'Marchetti', 'MRCLSN06D25C573E', 'Alessandro.Marchetti@outlook.com', 'lgicprhh'), ( 'Riccardo', 'Ferrari', 'FRRRCR27L27C573L', 'Riccardo.Ferrari@gmail.com', 'vnddjvuj'),
( 'Viola', 'Neri', 'NREVLI61A65C573O', 'Viola.Neri@gmail.com', 'ftulfydf'), ( 'Ludovica', 'Messina', 'MSSLVC58L58C573T', 'Ludovica.Messina@gmail.com', 'jayjcant'),
( 'Riccardo', 'Moro', 'MRORCR61H11C573S', 'Riccardo.Moro@gmail.com', 'wanywbqy'), ( 'Sophie', 'Farina', 'FRNSPH04A41C573N', 'Sophie.Farina@outlook.com', 'zlfcmozo'),
( 'Carlotta', 'Pellegrini', 'PLLCLT04A66C573V', 'Carlotta.Pellegrini@outlook.com', 'vczzgqha'), ( 'Alessandro', 'Sala', 'SLALSN35C21C573E', 'Alessandro.Sala@gmail.com', 'kakqvetj'),
( 'Cecilia', 'Angelo', 'NGLCCL35H45C573T', 'Cecilia.Angelo@gmail.com', 'mnplbqre'), ( 'Diana', 'Greco', 'GRCDNI44C50C573R', 'Diana.Greco@gmail.com', 'ejyqzptn'),
( 'Samuele', 'Silvestri', 'SLVSML17C23C573A', 'Samuele.Silvestri@outlook.com', 'xagjlfnt'), ( 'Sophie', 'Guerra', 'GRRSPH19M65C573N', 'Sophie.Guerra@outlook.com', 'jwoccohq'),
( 'Salvatore', 'Lombardi', 'LMBSVT16R01C573C', 'Salvatore.Lombardi@gmail.com', 'kfrjjnmw'), ( 'Luigi', 'Benedetti', 'BNDLGU11T13C573O', 'Luigi.Benedetti@gmail.com', 'hnssbymd'),
( 'Ginevra', 'Grassi', 'GRSGVR08D60C573Z', 'Ginevra.Grassi@outlook.com', 'oancyrmx'), ( 'Rebecca', 'Bruno', 'BRNRCC82H63C573L', 'Rebecca.Bruno@gmail.com', 'pbpbytsr'),
( 'Sole', 'Paola', 'PLASLO93M62C573D', 'Sole.Paola@outlook.com', 'aqjhajpt'), ( 'Arianna', 'Paola', 'PLARNN23M61C573W', 'Arianna.Paola@outlook.com', 'kjhsefjr'),
( 'Filippo', 'Monti', 'MNTFPP73A27C573H', 'Filippo.Monti@gmail.com', 'uwxubozz'), ( 'Federico', 'Conti', 'CNTFRC11E28C573D', 'Federico.Conti@gmail.com', 'nztskzig'),
( 'Elena', 'Rizzi', 'RZZLNE64R47C573M', 'Elena.Rizzi@outlook.com', 'czqkkxqm'), ( 'Pietro', 'Mariani', 'MRNPTR21C24C573W', 'Pietro.Mariani@outlook.com', 'nwembhsy'),
( 'Salvatore', 'Parisi', 'PRSSVT63P27C573S', 'Salvatore.Parisi@gmail.com', 'mdnybyca'), ( 'Margherita', 'Parisi', 'PRSMGH64A46C573E', 'Margherita.Parisi@gmail.com', 'oxrfpllc'),
( 'Giacomo', 'Barone', 'BRNGCM15S09C573X', 'Giacomo.Barone@gmail.com', 'czbujqtk'), ( 'Elisa', 'Rossetti', 'RSSLSE00D67C573V', 'Elisa.Rossetti@gmail.com', 'tovuarud'),
( 'Chiara', 'Esposito', 'SPSCHR57C56C573T', 'Chiara.Esposito@outlook.com', 'qbfcpbqm'), ( 'Simone', 'Mancini', 'MNCSMN33R19C573Y', 'Simone.Mancini@gmail.com', 'gejobrku'),
( 'Chloe', 'Marino', 'MRNCHL86D59C573Q', 'Chloe.Marino@outlook.com', 'itejzctb'), ( 'Vittoria', 'Rizzi', 'RZZVTR59M62C573G', 'Vittoria.Rizzi@gmail.com', 'iqsnpdnq'),
( 'Filippo', 'Gatti', 'GTTFPP10D01C573D', 'Filippo.Gatti@outlook.com', 'mhhfhoqg'), ( 'Rebecca', 'Cattaneo', 'CTTRCC15T56C573A', 'Rebecca.Cattaneo@gmail.com', 'qmhgzdsz'),
( 'Margherita', 'Sala', 'SLAMGH91L63C573W', 'Margherita.Sala@outlook.com', 'hpjlmreo'), ( 'Ludovica', 'Farina', 'FRNLVC53P63C573E', 'Ludovica.Farina@gmail.com', 'rfphctic'),
( 'Vittoria', 'Romano', 'RMNVTR15T63C573X', 'Vittoria.Romano@outlook.com', 'kobkjnrt'), ( 'Giuseppe', 'Martino', 'MRTGPP33C05C573A', 'Giuseppe.Martino@outlook.com', 'enkjzugq'),
( 'Gaia', 'Gallo', 'GLLGAI35D55C573H', 'Gaia.Gallo@outlook.com', 'ezpjftgf'), ( 'Michele', 'Cattaneo', 'CTTMHL44L08C573N', 'Michele.Cattaneo@outlook.com', 'btgghjxe'),
( 'Maria', 'Torre', 'TRRMRA26H42C573V', 'Maria.Torre@outlook.com', 'ojoaaehd'), ( 'Ludovica', 'Marchi', 'MRCLVC71D51C573S', 'Ludovica.Marchi@outlook.com', 'uybxxgnm'),
( 'Beatrice', 'Carbone', 'CRBBRC59P60C573Q', 'Beatrice.Carbone@outlook.com', 'covzufch'), ( 'Daniele', 'Rizzi', 'RZZDNL81L20C573Q', 'Daniele.Rizzi@gmail.com', 'hposcifw'),
( 'Gaia', 'Paola', 'PLAGAI28R62C573N', 'Gaia.Paola@gmail.com', 'gvvrzaea'), ( 'Mia', 'Messina', 'MSSMIA61A45C573M', 'Mia.Messina@gmail.com', 'ocqnuavs'),
( 'Andrea', 'Sala', 'SLANDR23E11C573E', 'Andrea.Sala@outlook.com', 'tuhxcoqd'), ( 'Francesco', 'Ferrara', 'FRRFNC48L24C573W', 'Francesco.Ferrara@gmail.com', 'leiefqrt'),
( 'Rebecca', 'Coppola', 'CPPRCC62R50C573D', 'Rebecca.Coppola@gmail.com', 'tpsebygp'), ( 'Marta', 'Gallo', 'GLLMRT79A41C573Z', 'Marta.Gallo@gmail.com', 'dcfejbip'),
( 'Giacomo', 'Giuliani', 'GLNGCM49T13C573I', 'Giacomo.Giuliani@outlook.com', 'ovdgussr'), ( 'Ginevra', 'Pellegrini', 'PLLGVR40L65C573I', 'Ginevra.Pellegrini@gmail.com', 'jdqfhbrk'),
( 'Sara', 'Marino', 'MRNSRA89L53C573Y', 'Sara.Marino@gmail.com', 'vcbklswi'), ( 'Thomas', 'Sanna', 'SNNTMS11B16C573Q', 'Thomas.Sanna@outlook.com', 'nnutyljf'),
( 'Christian', 'Morelli', 'MRLCRS43T03C573Z', 'Christian.Morelli@gmail.com', 'oacbsaik'), ( 'Greta', 'Neri', 'NREGRT34P44C573F', 'Greta.Neri@outlook.com', 'gcbkniux'),
( 'Elisa', 'Barone', 'BRNLSE51A63C573R', 'Elisa.Barone@gmail.com', 'sryanghy'), ( 'Giada', 'Riva', 'RVIGDI18M50C573A', 'Giada.Riva@outlook.com', 'xsfcfshj'),
( 'Isabel', 'Carbone', 'CRBSBL64D43C573N', 'Isabel.Carbone@outlook.com', 'qmxzvfii'), ( 'Greta', 'Valentini', 'VLNGRT55A65C573L', 'Greta.Valentini@gmail.com', 'nyqpuxht'),
( 'Emily', 'Martini', 'MRTMLY67C68C573O', 'Emily.Martini@outlook.com', 'zdsduwsi'), ( 'Mattia', 'Pellegrini', 'PLLMTT21H19C573H', 'Mattia.Pellegrini@outlook.com', 'pmzisemo'),
( 'Viola', 'Guerra', 'GRRVLI66L60C573E', 'Viola.Guerra@outlook.com', 'hirvfqqr'), ( 'Nina', 'Vitale', 'VTLNNI68L52C573K', 'Nina.Vitale@outlook.com', 'bfbtbubw'),
( 'Amelia', 'Gatti', 'GTTMLA48A66C573C', 'Amelia.Gatti@outlook.com', 'qfdxnnsm'), ( 'Adele', 'Mancini', 'MNCDLA81R60C573D', 'Adele.Mancini@outlook.com', 'txqapyee'),
( 'Alice', 'Bianchi', 'BNCLCA18H56C573E', 'Alice.Bianchi@gmail.com', 'swbrgssl'), ( 'Samuel', 'Pellegrino', 'PLLSML79M08C573B', 'Samuel.Pellegrino@outlook.com', 'cytenvcx'),
( 'Giulio', 'Martini', 'MRTGLI51B19C573C', 'Giulio.Martini@outlook.com', 'hhhsvpry'), ( 'Margherita', 'Palma', 'PLMMGH99A54C573K', 'Margherita.Palma@outlook.com', 'ieiesklj'),
( 'Giada', 'Pellegrino', 'PLLGDI97T58C573E', 'Giada.Pellegrino@gmail.com', 'bxoxrwmw'), ( 'Diana', 'Riva', 'RVIDNI52P47C573R', 'Diana.Riva@outlook.com', 'odhmaefi'),
( 'Diego', 'Bianchi', 'BNCDGI12T27C573E', 'Diego.Bianchi@outlook.com', 'btmdwtql'), ( 'Davide', 'Amato', 'MTADVD75H05C573F', 'Davide.Amato@outlook.com', 'icpzjlvp'),
( 'Ambra', 'Castelli', 'CSTMBR37R50C573T', 'Ambra.Castelli@gmail.com', 'wrmtemts'), ( 'Greta', 'Barone', 'BRNGRT23A59C573E', 'Greta.Barone@outlook.com', 'vldvjsqc'),
( 'Daniel', 'Parisi', 'PRSDNL94D15C573L', 'Daniel.Parisi@outlook.com', 'llolzwxp'), ( 'Beatrice', 'Galli', 'GLLBRC43A50C573L', 'Beatrice.Galli@gmail.com', 'xbppijyc'),
( 'Marta', 'Marchetti', 'MRCMRT36B62C573C', 'Marta.Marchetti@outlook.com', 'nkgyeohn'), ( 'Marco', 'Lombardo', 'LMBMRC30B04C573F', 'Marco.Lombardo@gmail.com', 'cautexut'),
( 'Edoardo', 'Dalla', 'DLLDRD83E28C573N', 'Edoardo.Dalla@gmail.com', 'geytmvyw'), ( 'Edoardo', 'Amato', 'MTADRD82A15C573N', 'Edoardo.Amato@gmail.com', 'nwpehcjo'),
( 'Vittoria', 'Santino', 'SNTVTR30S67C573G', 'Vittoria.Santino@gmail.com', 'kspgxtyn'), ( 'Gioele', 'Lombardo', 'LMBGLI82C12C573R', 'Gioele.Lombardo@gmail.com', 'kucqnyjz'),
( 'Luca', 'Serra', 'SRRLCU13E03C573R', 'Luca.Serra@gmail.com', 'fqfauuwi'), ( 'Gioia', 'Rossetti', 'RSSGIO69C55C573X', 'Gioia.Rossetti@outlook.com', 'owlddeui'),
( 'Emma', 'Palumbo', 'PLMMME20S62C573T', 'Emma.Palumbo@gmail.com', 'joundupf'), ( 'Davide', 'Benedetti', 'BNDDVD11R28C573R', 'Davide.Benedetti@outlook.com', 'orgwfscj'),
( 'Sophie', 'Benedetti', 'BNDSPH74D63C573O', 'Sophie.Benedetti@gmail.com', 'mhcghckf'), ( 'Luna', 'Neri', 'NRELNU67H45C573A', 'Luna.Neri@outlook.com', 'aseiasfe'),
( 'Sara', 'Messina', 'MSSSRA85B66C573S', 'Sara.Messina@outlook.com', 'zejpdnsa'), ( 'Vincenzo', 'Martinelli', 'MRTVCN98D05C573K', 'Vincenzo.Martinelli@gmail.com', 'yhxltiss'),
( 'Alessio', 'Farina', 'FRNLSS73P24C573Y', 'Alessio.Farina@gmail.com', 'bgpsjkul'), ( 'Daniel', 'Marchi', 'MRCDNL96M21C573U', 'Daniel.Marchi@outlook.com', 'mktzpcoe'),
( 'Alessio', 'Carbone', 'CRBLSS12B10C573S', 'Alessio.Carbone@outlook.com', 'gjauqayr'), ( 'Aurora', 'Ferri', 'FRRRRA23A58C573V', 'Aurora.Ferri@outlook.com', 'fwlesogi'),
( 'Viola', 'Giorgi', 'GRGVLI23L67C573O', 'Viola.Giorgi@gmail.com', 'hjvjwjnj'), ( 'Tommaso', 'Rinaldi', 'RNLTMS22B10C573O', 'Tommaso.Rinaldi@outlook.com', 'rwrjknlx'),
( 'Manuel', 'Sala', 'SLAMNL72M10C573F', 'Manuel.Sala@gmail.com', 'gtcdxuwp'), ( 'Vincenzo', 'Cattaneo', 'CTTVCN00C03C573P', 'Vincenzo.Cattaneo@gmail.com', 'ldoisljy'),
( 'Liam', 'Esposito', 'SPSLMI66T15C573Y', 'Liam.Esposito@outlook.com', 'dwicpwld'), ( 'Maria', 'Riva', 'RVIMRA84L46C573N', 'Maria.Riva@gmail.com', 'ssslwpqj'),
( 'Luca', 'Conte', 'CNTLCU63H18C573W', 'Luca.Conte@outlook.com', 'bmmfkpnx'), ( 'Simone', 'Cattaneo', 'CTTSMN86R20C573W', 'Simone.Cattaneo@gmail.com', 'lsuydvub'),
( 'Maria', 'Silvestri', 'SLVMRA20C46C573H', 'Maria.Silvestri@gmail.com', 'fwjnsegt'), ( 'Simone', 'Pellegrini', 'PLLSMN54B04C573S', 'Simone.Pellegrini@gmail.com', 'dkfzkxlt'),
( 'Isabel', 'Barbieri', 'BRBSBL27A54C573Y', 'Isabel.Barbieri@gmail.com', 'ciysygit'), ( 'Samuel', 'Ferrara', 'FRRSML85A14C573T', 'Samuel.Ferrara@gmail.com', 'arrsvinl'),
( 'Liam', 'Villa', 'VLLLMI09E11C573H', 'Liam.Villa@outlook.com', 'hmufjkqy'), ( 'Isabel', 'Serra', 'SRRSBL75T48C573Y', 'Isabel.Serra@gmail.com', 'yvcwxfjp'),
( 'Sophie', 'Sanna', 'SNNSPH95D67C573C', 'Sophie.Sanna@outlook.com', 'ucebtavz'), ( 'Elisa', 'Bianchi', 'BNCLSE46E41C573Y', 'Elisa.Bianchi@outlook.com', 'ijnyqwrh'),
( 'Eleonora', 'Ferro', 'FRRLNR69S49C573U', 'Eleonora.Ferro@outlook.com', 'uszyombn'), ( 'Sara', 'Mancini', 'MNCSRA94M67C573B', 'Sara.Mancini@outlook.com', 'wooybogn'),
( 'Edoardo', 'Palumbo', 'PLMDRD56B09C573L', 'Edoardo.Palumbo@gmail.com', 'awndodai'), ( 'Tommaso', 'Barbieri', 'BRBTMS26T16C573M', 'Tommaso.Barbieri@gmail.com', 'mrqujkxd'),
( 'Marco', 'Conte', 'CNTMRC98L04C573V', 'Marco.Conte@outlook.com', 'bgrvciif'), ( 'Arianna', 'Monaco', 'MNCRNN88C65C573K', 'Arianna.Monaco@gmail.com', 'afmrffqk'),
( 'Domenico', 'Monti', 'MNTDNC10M04C573W', 'Domenico.Monti@outlook.com', 'pflvsplo'), ( 'Daniele', 'Dalla', 'DLLDNL80C13C573N', 'Daniele.Dalla@gmail.com', 'hhkocwrf'),
( 'Viola', 'Conte', 'CNTVLI20S61C573N', 'Viola.Conte@gmail.com', 'ldquvfpc'), ( 'Maria', 'Fiore', 'FRIMRA34M54C573L', 'Maria.Fiore@gmail.com', 'llbhsxmr'),
( 'Giovanni', 'Amato', 'MTAGNN65E14C573P', 'Giovanni.Amato@outlook.com', 'znzmexmr'), ( 'Giulio', 'Franco', 'FRNGLI10A12C573A', 'Giulio.Franco@gmail.com', 'lqizgaqo'),
( 'Emma', 'Martini', 'MRTMME03C55C573J', 'Emma.Martini@gmail.com', 'mfbyzzut'), ( 'Vittoria', 'Mazza', 'MZZVTR61L44C573Y', 'Vittoria.Mazza@outlook.com', 'upozorhr'),
( 'Elia', 'Bernardi', 'BRNLEI14D17C573T', 'Elia.Bernardi@gmail.com', 'rfieqnnv'), ( 'Riccardo', 'Giordano', 'GRDRCR04D19C573L', 'Riccardo.Giordano@outlook.com', 'exiinpgm'),
( 'Carlotta', 'Santino', 'SNTCLT65H49C573Z', 'Carlotta.Santino@outlook.com', 'noeskktx'), ( 'Chloe', 'Greco', 'GRCCHL87A59C573T', 'Chloe.Greco@gmail.com', 'sngqiqri'),
( 'Liam', 'Neri', 'NRELMI16R27C573P', 'Liam.Neri@outlook.com', 'ueagmiii'), ( 'Pietro', 'Morelli', 'MRLPTR82P26C573Z', 'Pietro.Morelli@gmail.com', 'bwcnwzte'),
( 'Noemi', 'Sala', 'SLANMO91P52C573D', 'Noemi.Sala@outlook.com', 'xrkyzhff'), ( 'Margherita', 'Pellegrino', 'PLLMGH21A59C573K', 'Margherita.Pellegrino@outlook.com', 'fymhelae'),
( 'Nathan', 'Rizzo', 'RZZNHN87C06C573S', 'Nathan.Rizzo@gmail.com', 'vfpjcecx'), ( 'Daniel', 'Re', 'REXDNL20E02C573P', 'Daniel.Re@outlook.com', 'xmbryoow'),
( 'Riccardo', 'Ricci', 'RCCRCR99P26C573D', 'Riccardo.Ricci@gmail.com', 'tllufvlb'), ( 'Viola', 'Re', 'REXVLI57E52C573I', 'Viola.Re@outlook.com', 'vliflyto'),
( 'Giovanni', 'Leo', 'LEOGNN83A15C573U', 'Giovanni.Leo@outlook.com', 'tumeaoba'), ( 'Gaia', 'Fiore', 'FRIGAI01P43C573F', 'Gaia.Fiore@outlook.com', 'fjseaeod'),
( 'Elia', 'Giordano', 'GRDLEI78E23C573J', 'Elia.Giordano@gmail.com', 'oyvcphkc'), ( 'Domenico', 'Paola', 'PLADNC10C21C573Y', 'Domenico.Paola@gmail.com', 'mpecabgt'),
( 'Salvatore', 'Ferri', 'FRRSVT16T27C573X', 'Salvatore.Ferri@gmail.com', 'jothcafg'), ( 'Greta', 'Ferrari', 'FRRGRT59S52C573O', 'Greta.Ferrari@gmail.com', 'kqwnmvzd'),
( 'Davide', 'Carbone', 'CRBDVD60S19C573M', 'Davide.Carbone@outlook.com', 'wfnrskvn'), ( 'Daniele', 'Conte', 'CNTDNL59D04C573D', 'Daniele.Conte@gmail.com', 'liqbmiip'),
( 'Antonio', 'Russo', 'RSSNTN92T05C573B', 'Antonio.Russo@gmail.com', 'ctkwmkdv'), ( 'Chloe', 'Lombardi', 'LMBCHL98S51C573R', 'Chloe.Lombardi@gmail.com', 'tofqumvd'),
( 'Nathan', 'Testa', 'TSTNHN16M01C573M', 'Nathan.Testa@outlook.com', 'jikqvgkb'), ( 'Sole', 'Benedetti', 'BNDSLO73R66C573E', 'Sole.Benedetti@gmail.com', 'pusqjwps'),
( 'Tommaso', 'Bianchi', 'BNCTMS47A15C573D', 'Tommaso.Bianchi@gmail.com', 'ygicrypq'), ( 'Vincenzo', 'Piazza', 'PZZVCN47C11C573L', 'Vincenzo.Piazza@outlook.com', 'atuewgpa'),
( 'Chiara', 'Monaco', 'MNCCHR52S63C573L', 'Chiara.Monaco@outlook.com', 'itywjccz'), ( 'Sophie', 'Ferri', 'FRRSPH20E64C573U', 'Sophie.Ferri@outlook.com', 'emlbkzhm'),
( 'Federico', 'Giordano', 'GRDFRC26B25C573F', 'Federico.Giordano@gmail.com', 'dqnawvuc'), ( 'Gioia', 'Conti', 'CNTGIO61M55C573W', 'Gioia.Conti@gmail.com', 'uacnkynv'),
( 'Giada', 'Paola', 'PLAGDI64B45C573X', 'Giada.Paola@outlook.com', 'rbvvkgdw'), ( 'Francesco', 'Pellegrino', 'PLLFNC53E06C573K', 'Francesco.Pellegrino@outlook.com', 'fgfgtell'),
( 'Gioia', 'Palumbo', 'PLMGIO81B60C573X', 'Gioia.Palumbo@outlook.com', 'fzyxoqoc'), ( 'Lorenzo', 'Ferri', 'FRRLNZ30B22C573H', 'Lorenzo.Ferri@gmail.com', 'ckiaxelf'),
( 'Giovanni', 'Benedetti', 'BNDGNN34H17C573E', 'Giovanni.Benedetti@outlook.com', 'zopjyuji'), ( 'Noemi', 'Cattaneo', 'CTTNMO12L46C573H', 'Noemi.Cattaneo@outlook.com', 'kwiwuobt'),
( 'Nina', 'Moretti', 'MRTNNI37B47C573Y', 'Nina.Moretti@gmail.com', 'xddfdijd'), ( 'Camilla', 'Colombo', 'CLMCLL84M68C573Q', 'Camilla.Colombo@gmail.com', 'jircanup'),
( 'Tommaso', 'Colombo', 'CLMTMS00H01C573G', 'Tommaso.Colombo@gmail.com', 'kvghzkkw'), ( 'Emily', 'Galli', 'GLLMLY38A65C573E', 'Emily.Galli@outlook.com', 'qysgdakb'),
( 'Gioia', 'Benedetti', 'BNDGIO30D45C573P', 'Gioia.Benedetti@outlook.com', 'fnjgiqxb'), ( 'Mattia', 'Leo', 'LEOMTT82L13C573W', 'Mattia.Leo@outlook.com', 'sbznxizt'),
( 'Marta', 'Monti', 'MNTMRT03A46C573H', 'Marta.Monti@outlook.com', 'edgwbnli'), ( 'Francesca', 'Santino', 'SNTFNC24C49C573E', 'Francesca.Santino@outlook.com', 'gqkcbbut'),
( 'Giacomo', 'Gallo', 'GLLGCM70P11C573Z', 'Giacomo.Gallo@gmail.com', 'fcahmafv'), ( 'Camilla', 'Gatti', 'GTTCLL94B51C573U', 'Camilla.Gatti@outlook.com', 'fdchnktc'),
( 'Gabriel', 'Ferraro', 'FRRGRL46A07C573V', 'Gabriel.Ferraro@outlook.com', 'volzksde'), ( 'Eleonora', 'Santis', 'SNTLNR61A49C573C', 'Eleonora.Santis@outlook.com', 'zlyuffqy'),
( 'Samuele', 'Serra', 'SRRSML57T26C573I', 'Samuele.Serra@gmail.com', 'fpdulcwd'), ( 'Liam', 'Mazza', 'MZZLMI25L09C573L', 'Liam.Mazza@gmail.com', 'nfzzfbzs'),
( 'Beatrice', 'Sanna', 'SNNBRC59H53C573G', 'Beatrice.Sanna@outlook.com', 'wzpbdjpu'), ( 'Domenico', 'Santino', 'SNTDNC85H10C573G', 'Domenico.Santino@gmail.com', 'ppexvbpp'),
( 'Sofia', 'Esposito', 'SPSSFO76T46C573N', 'Sofia.Esposito@outlook.com', 'llythspe'), ( 'Elisa', 'Ferraro', 'FRRLSE20E55C573W', 'Elisa.Ferraro@gmail.com', 'pmturdby'),
( 'Cecilia', 'Torre', 'TRRCCL11S65C573O', 'Cecilia.Torre@gmail.com', 'zlvezxka'), ( 'Elia', 'Pasquale', 'PSQLEI85T21C573U', 'Elia.Pasquale@outlook.com', 'oanwgexe'),
( 'Bianca', 'Lombardo', 'LMBBNC55A46C573C', 'Bianca.Lombardo@outlook.com', 'eeiokqkj'), ( 'Rebecca', 'Marini', 'MRNRCC43D59C573X', 'Rebecca.Marini@outlook.com', 'dvkgqtdb'),
( 'Azzurra', 'Giordano', 'GRDZRR86B42C573W', 'Azzurra.Giordano@outlook.com', 'cydzzyxi'), ( 'Gioele', 'Rizzo', 'RZZGLI17S08C573L', 'Gioele.Rizzo@outlook.com', 'ltrcjwkf'),
( 'Azzurra', 'Marchetti', 'MRCZRR03H55C573C', 'Azzurra.Marchetti@outlook.com', 'xdeizbpf'), ( 'Adele', 'Martini', 'MRTDLA81S51C573S', 'Adele.Martini@gmail.com', 'wcphdctj'),
( 'Francesco', 'Romano', 'RMNFNC19A28C573X', 'Francesco.Romano@gmail.com', 'jniyzvxj'), ( 'Anita', 'Guerra', 'GRRNTA98M67C573K', 'Anita.Guerra@gmail.com', 'yermftow'),
( 'Michele', 'Marini', 'MRNMHL05S10C573O', 'Michele.Marini@gmail.com', 'jwhmkuqo'), ( 'Alessio', 'Ferri', 'FRRLSS61A11C573W', 'Alessio.Ferri@gmail.com', 'joxjulbl'),
( 'Michele', 'Ricci', 'RCCMHL54E04C573P', 'Michele.Ricci@gmail.com', 'tsaaufts'), ( 'Alessandro', 'Lombardo', 'LMBLSN44S24C573N', 'Alessandro.Lombardo@gmail.com', 'guvulech'),
( 'Enea', 'Marchetti', 'MRCNEE91S16C573P', 'Enea.Marchetti@outlook.com', 'ntykuprr'), ( 'Thomas', 'Agostino', 'GSTTMS76A14C573J', 'Thomas.Agostino@gmail.com', 'kaoyhfxj'),
( 'Emma', 'Santis', 'SNTMME52B67C573K', 'Emma.Santis@gmail.com', 'qgexfjvy'), ( 'Michele', 'Bernardi', 'BRNMHL74T18C573F', 'Michele.Bernardi@outlook.com', 'ftzfjvid'),
( 'Margherita', 'Leone', 'LNEMGH32L49C573X', 'Margherita.Leone@outlook.com', 'rioyidee'), ( 'Sophie', 'Barone', 'BRNSPH66R45C573K', 'Sophie.Barone@outlook.com', 'wxsvjsvk'),
( 'Gabriele', 'Greco', 'GRCGRL82D04C573Y', 'Gabriele.Greco@outlook.com', 'ctthkadg'), ( 'Liam', 'Fabbri', 'FBBLMI09P05C573C', 'Liam.Fabbri@outlook.com', 'gbwufhwm'),
( 'Christian', 'Poli', 'PLOCRS14A14C573T', 'Christian.Poli@outlook.com', 'knbmrjif'), ( 'Arianna', 'Carbone', 'CRBRNN50T46C573R', 'Arianna.Carbone@gmail.com', 'pvkbsesc'),
( 'Giada', 'Costa', 'CSTGDI61P41C573G', 'Giada.Costa@gmail.com', 'ivdjyzkb'), ( 'Samuel', 'Monaco', 'MNCSML92C18C573E', 'Samuel.Monaco@gmail.com', 'zlctqcxw'),
( 'Giada', 'Marchi', 'MRCGDI68S51C573A', 'Giada.Marchi@gmail.com', 'lvckoagm'), ( 'Alessia', 'Santoro', 'SNTLSS69A68C573D', 'Alessia.Santoro@outlook.com', 'orufqlhy'),
( 'Azzurra', 'Martinelli', 'MRTZRR29M52C573O', 'Azzurra.Martinelli@gmail.com', 'qxnfnhlt'), ( 'Azzurra', 'Grassi', 'GRSZRR91M59C573H', 'Azzurra.Grassi@outlook.com', 'szaewela'),
( 'Anna', 'Longo', 'LNGNNA94L51C573Y', 'Anna.Longo@outlook.com', 'cioipvga'), ( 'Mattia', 'Leone', 'LNEMTT10S20C573L', 'Mattia.Leone@gmail.com', 'rkkdchze'),
( 'Liam', 'Ferrari', 'FRRLMI99H21C573X', 'Liam.Ferrari@gmail.com', 'ohoygucc'), ( 'Emma', 'Barone', 'BRNMME45C47C573K', 'Emma.Barone@gmail.com', 'mtfpckff'),
( 'Marta', 'Romano', 'RMNMRT55R53C573Q', 'Marta.Romano@outlook.com', 'gpoyxaad'), ( 'Emily', 'Fabbri', 'FBBMLY22T49C573Z', 'Emily.Fabbri@gmail.com', 'fbvwwgto'),
( 'Alice', 'Marchetti', 'MRCLCA93E58C573M', 'Alice.Marchetti@outlook.com', 'hiruvzdb'), ( 'Riccardo', 'Castelli', 'CSTRCR12M25C573K', 'Riccardo.Castelli@outlook.com', 'qdluweec'),
( 'Giovanni', 'Rizzo', 'RZZGNN59E25C573O', 'Giovanni.Rizzo@outlook.com', 'rpzopntq'), ( 'Anna', 'Rinaldi', 'RNLNNA54C48C573C', 'Anna.Rinaldi@outlook.com', 'yvjbqucs'),
( 'Damiano', 'Poli', 'PLODMN52R28C573C', 'Damiano.Poli@outlook.com', 'gllcjojd'), ( 'Daniele', 'Ferraro', 'FRRDNL79E23C573P', 'Daniele.Ferraro@gmail.com', 'qirjtiyb'),
( 'Emanuele', 'Palma', 'PLMMNL13B09C573Y', 'Emanuele.Palma@outlook.com', 'nhmowuvs'), ( 'Daniel', 'Marini', 'MRNDNL23B15C573K', 'Daniel.Marini@outlook.com', 'yirupbkm'),
( 'Giuseppe', 'Conte', 'CNTGPP54E02C573M', 'Giuseppe.Conte@gmail.com', 'kiduetix'), ( 'Mattia', 'Santis', 'SNTMTT61D23C573P', 'Mattia.Santis@outlook.com', 'ayehtfnk'),
( 'Diego', 'Torre', 'TRRDGI20C22C573H', 'Diego.Torre@gmail.com', 'wxssmaqf'), ( 'Luna', 'Fabbri', 'FBBLNU42C60C573N', 'Luna.Fabbri@outlook.com', 'rhecvpee'),
( 'Gabriele', 'Bernardi', 'BRNGRL38T15C573E', 'Gabriele.Bernardi@gmail.com', 'awggmwij'), ( 'Manuel', 'Franco', 'FRNMNL70A20C573N', 'Manuel.Franco@gmail.com', 'kwhsweiz'),
( 'Ambra', 'Rocca', 'RCCMBR48S68C573X', 'Ambra.Rocca@gmail.com', 'godtiuoi'), ( 'Gioia', 'Ferraro', 'FRRGIO68H50C573W', 'Gioia.Ferraro@outlook.com', 'qalurppn'),
( 'Matilde', 'Rizzi', 'RZZMLD40A43C573V', 'Matilde.Rizzi@outlook.com', 'crnihhkq'), ( 'Margherita', 'Farina', 'FRNMGH55H42C573B', 'Margherita.Farina@outlook.com', 'kblegria'),
( 'Arianna', 'Rinaldi', 'RNLRNN48H60C573P', 'Arianna.Rinaldi@outlook.com', 'sbpgfqbk'), ( 'Aurora', 'Villa', 'VLLRRA50H66C573A', 'Aurora.Villa@outlook.com', 'bltgindl'),
( 'Salvatore', 'Mauro', 'MRASVT35L04C573H', 'Salvatore.Mauro@outlook.com', 'gitxjvbh'), ( 'Nathan', 'Mariani', 'MRNNHN83D11C573B', 'Nathan.Mariani@gmail.com', 'lrbziblz'),
( 'Beatrice', 'Giordano', 'GRDBRC12P55C573Y', 'Beatrice.Giordano@gmail.com', 'fbhiknzm'), ( 'Manuel', 'Leone', 'LNEMNL81B03C573V', 'Manuel.Leone@gmail.com', 'abrmkzch'),
( 'Sole', 'Farina', 'FRNSLO82D56C573H', 'Sole.Farina@outlook.com', 'hxjactyi'), ( 'Luca', 'Mauro', 'MRALCU48T22C573J', 'Luca.Mauro@gmail.com', 'uqsyqtgx'),
( 'Bianca', 'Monaco', 'MNCBNC53C53C573R', 'Bianca.Monaco@outlook.com', 'prjmohin'), ( 'Arianna', 'Barone', 'BRNRNN07B63C573H', 'Arianna.Barone@outlook.com', 'rnhcvkrx'),
( 'Filippo', 'Ferrara', 'FRRFPP49D20C573O', 'Filippo.Ferrara@outlook.com', 'xqefnasi'), ( 'Giorgia', 'Rizzo', 'RZZGRG77D64C573V', 'Giorgia.Rizzo@outlook.com', 'vtvlanhm'),
( 'Andrea', 'Rinaldi', 'RNLNDR96M15C573U', 'Andrea.Rinaldi@outlook.com', 'ufknyvac'), ( 'Ginevra', 'Monaco', 'MNCGVR20L58C573B', 'Ginevra.Monaco@gmail.com', 'eubdjxul'),
( 'Alessia', 'Mancini', 'MNCLSS61H58C573H', 'Alessia.Mancini@gmail.com', 'xyttqlyh'), ( 'Federico', 'Santoro', 'SNTFRC34M16C573Y', 'Federico.Santoro@gmail.com', 'rfdmrcpd'),
( 'Ludovica', 'Morelli', 'MRLLVC50H66C573M', 'Ludovica.Morelli@outlook.com', 'jxikwhqb'), ( 'Diana', 'Mariani', 'MRNDNI09R59C573D', 'Diana.Mariani@outlook.com', 'etwlogif'),
( 'Andrea', 'Angelo', 'NGLNDR66P20C573T', 'Andrea.Angelo@gmail.com', 'wejujbsb'), ( 'Sole', 'Marini', 'MRNSLO65H57C573X', 'Sole.Marini@outlook.com', 'rwvwaolf'),
( 'Andrea', 'Barone', 'BRNNDR49D06C573N', 'Andrea.Barone@outlook.com', 'ovcliuws'), ( 'Margherita', 'Rocca', 'RCCMGH79H57C573N', 'Margherita.Rocca@outlook.com', 'zibehzal'),
( 'Giovanni', 'Barone', 'BRNGNN46A22C573Y', 'Giovanni.Barone@gmail.com', 'jmuluukb'), ( 'Anita', 'Amato', 'MTANTA26R43C573U', 'Anita.Amato@gmail.com', 'hpxfnmlf'),
( 'Luigi', 'Ferro', 'FRRLGU08H07C573A', 'Luigi.Ferro@gmail.com', 'cbbykyni'), ( 'Emma', 'Mauro', 'MRAMME91A52C573C', 'Emma.Mauro@gmail.com', 'mtarpfuw'),
( 'Viola', 'Galli', 'GLLVLI77D44C573G', 'Viola.Galli@outlook.com', 'kzqpqjmx'), ( 'Daniele', 'Moretti', 'MRTDNL33C10C573Z', 'Daniele.Moretti@gmail.com', 'gvlmrnzc'),
( 'Enea', 'Silvestri', 'SLVNEE42A17C573O', 'Enea.Silvestri@gmail.com', 'cbcgtked'), ( 'Elisa', 'Marchetti', 'MRCLSE78E44C573N', 'Elisa.Marchetti@outlook.com', 'wtyerqgy'),
( 'Eleonora', 'Monaco', 'MNCLNR18D56C573S', 'Eleonora.Monaco@gmail.com', 'czzhgupf'), ( 'Sophie', 'Castelli', 'CSTSPH22M53C573B', 'Sophie.Castelli@gmail.com', 'tzdryasb'),
( 'Salvatore', 'Giuliani', 'GLNSVT19A10C573E', 'Salvatore.Giuliani@outlook.com', 'snahvddb'), ( 'Lorenzo', 'Silvestri', 'SLVLNZ67B11C573L', 'Lorenzo.Silvestri@outlook.com', 'gwdvnuvu'),
( 'Domenico', 'Martini', 'MRTDNC39T21C573F', 'Domenico.Martini@gmail.com', 'nixemetu'), ( 'Mattia', 'Rinaldi', 'RNLMTT39D21C573U', 'Mattia.Rinaldi@outlook.com', 'ngivvyuj'),
( 'Sophie', 'Gatti', 'GTTSPH77R42C573Q', 'Sophie.Gatti@gmail.com', 'pwkjvngn'), ( 'Camilla', 'Giordano', 'GRDCLL42D65C573S', 'Camilla.Giordano@gmail.com', 'axjtkxyh'),
( 'Nicolò', 'Grassi', 'GRSNCL47A15C573D', 'Nicolò.Grassi@gmail.com', 'enqdvwag'), ( 'Daniel', 'Santis', 'SNTDNL96D10C573I', 'Daniel.Santis@gmail.com', 'ayjnipfe'),
( 'Nicole', 'Martini', 'MRTNCL80L48C573X', 'Nicole.Martini@gmail.com', 'eknqqmia'), ( 'Thomas', 'Esposito', 'SPSTMS40C05C573U', 'Thomas.Esposito@gmail.com', 'hkzmvpfw'),
( 'Damiano', 'Palma', 'PLMDMN50S19C573M', 'Damiano.Palma@outlook.com', 'yabaxqhp'), ( 'Vittoria', 'Pasquale', 'PSQVTR34T57C573Z', 'Vittoria.Pasquale@gmail.com', 'zetbftel'),
( 'Daniele', 'Giordano', 'GRDDNL99L17C573Y', 'Daniele.Giordano@gmail.com', 'cdmokdig'), ( 'Emanuele', 'Castelli', 'CSTMNL38A27C573O', 'Emanuele.Castelli@gmail.com', 'yjymipac'),
( 'Ginevra', 'Benedetti', 'BNDGVR22B58C573J', 'Ginevra.Benedetti@outlook.com', 'sbwipsfc'), ( 'Edoardo', 'Fiore', 'FRIDRD00S05C573O', 'Edoardo.Fiore@outlook.com', 'bibtmwqm'),
( 'Giorgio', 'Pasquale', 'PSQGRG36A01C573M', 'Giorgio.Pasquale@gmail.com', 'snqoeapi'), ( 'Lorenzo', 'Agostino', 'GSTLNZ24H28C573X', 'Lorenzo.Agostino@outlook.com', 'kchohfis'),
( 'Marco', 'Palma', 'PLMMRC94M16C573M', 'Marco.Palma@gmail.com', 'rwbbxavu'), ( 'Simone', 'Ricci', 'RCCSMN20H01C573L', 'Simone.Ricci@outlook.com', 'pzbpixsu'),
( 'Marta', 'Fontana', 'FNTMRT73B41C573C', 'Marta.Fontana@gmail.com', 'uvevqgta'), ( 'Leonardo', 'Palma', 'PLMLRD29L03C573E', 'Leonardo.Palma@gmail.com', 'sqymvbhy'),
( 'Sara', 'Rinaldi', 'RNLSRA08C62C573B', 'Sara.Rinaldi@outlook.com', 'cajahmdp'), ( 'Mattia', 'Barbieri', 'BRBMTT19D02C573I', 'Mattia.Barbieri@outlook.com', 'ezopnvoa'),
( 'Gioele', 'Mariani', 'MRNGLI05L24C573T', 'Gioele.Mariani@gmail.com', 'jvrhugqk'), ( 'Alice', 'Pellegrino', 'PLLLCA18M59C573L', 'Alice.Pellegrino@gmail.com', 'wcxgazmy'),
( 'Matteo', 'Russo', 'RSSMTT66C01C573I', 'Matteo.Russo@outlook.com', 'undkqwvh'), ( 'Mia', 'Carbone', 'CRBMIA18L46C573J', 'Mia.Carbone@gmail.com', 'vqvdwlrw'),
( 'Sofia', 'Palma', 'PLMSFO75L56C573W', 'Sofia.Palma@gmail.com', 'fmaynksj'), ( 'Adele', 'Costa', 'CSTDLA94H57C573H', 'Adele.Costa@gmail.com', 'ayehjbla'),
( 'Manuel', 'Conte', 'CNTMNL84M08C573I', 'Manuel.Conte@outlook.com', 'ujbmicby'), ( 'Giorgia', 'Giuliani', 'GLNGRG80S42C573F', 'Giorgia.Giuliani@outlook.com', 'ywcjxedm'),
( 'Vincenzo', 'Colombo', 'CLMVCN88D15C573U', 'Vincenzo.Colombo@outlook.com', 'ujsjubvw'), ( 'Giulio', 'Moretti', 'MRTGLI71T15C573M', 'Giulio.Moretti@outlook.com', 'xrxwvooy'),
( 'Samuel', 'Bianco', 'BNCSML36T27C573K', 'Samuel.Bianco@outlook.com', 'abjrgtvz'), ( 'Bianca', 'Ferri', 'FRRBNC30D43C573L', 'Bianca.Ferri@outlook.com', 'pztvishh'),
( 'Giulio', 'Bernardi', 'BRNGLI52P02C573D', 'Giulio.Bernardi@gmail.com', 'zoyjuiwj'), ( 'Federico', 'Lombardo', 'LMBFRC72P21C573G', 'Federico.Lombardo@gmail.com', 'ucsvmtlj'),
( 'Andrea', 'Conti', 'CNTNDR18E06C573A', 'Andrea.Conti@outlook.com', 'idncoooi'), ( 'Davide', 'Rossi', 'RSSDVD69P23C573P', 'Davide.Rossi@outlook.com', 'oyyophad'),
( 'Marta', 'Piazza', 'PZZMRT71S54C573H', 'Marta.Piazza@outlook.com', 'mglhdssp'), ( 'Leonardo', 'Piazza', 'PZZLRD71E15C573N', 'Leonardo.Piazza@gmail.com', 'vhretejx'),
( 'Nathan', 'Longo', 'LNGNHN43B12C573S', 'Nathan.Longo@gmail.com', 'wlvrzdas'), ( 'Manuel', 'Leo', 'LEOMNL41B19C573T', 'Manuel.Leo@gmail.com', 'qkdylenp'),
( 'Isabel', 'Gatti', 'GTTSBL50A66C573L', 'Isabel.Gatti@outlook.com', 'owtzkxaz'), ( 'Francesca', 'Rizzo', 'RZZFNC16D66C573Q', 'Francesca.Rizzo@gmail.com', 'cpmwovjl'),
( 'Liam', 'Marini', 'MRNLMI29S05C573E', 'Liam.Marini@outlook.com', 'qusdklkp'), ( 'Adele', 'Moro', 'MRODLA57R46C573Z', 'Adele.Moro@gmail.com', 'izwmoyhw'),
( 'Daniele', 'Monti', 'MNTDNL59H15C573F', 'Daniele.Monti@gmail.com', 'iwznofpk'), ( 'Samuel', 'Santis', 'SNTSML28H27C573I', 'Samuel.Santis@outlook.com', 'cvllsucb'),
( 'Elena', 'Sanna', 'SNNLNE15B67C573H', 'Elena.Sanna@outlook.com', 'vmknbwee'), ( 'Azzurra', 'Rizzi', 'RZZZRR53T45C573A', 'Azzurra.Rizzi@gmail.com', 'yjufkgcu'),
( 'Gaia', 'Fabbri', 'FBBGAI94L55C573B', 'Gaia.Fabbri@outlook.com', 'ooaatwdw'), ( 'Samuel', 'Rinaldi', 'RNLSML70D18C573P', 'Samuel.Rinaldi@outlook.com', 'mqzqvmor'),
( 'Domenico', 'Bianco', 'BNCDNC87C03C573G', 'Domenico.Bianco@gmail.com', 'mpovrxfb'), ( 'Marta', 'Pace', 'PCAMRT05E64C573A', 'Marta.Pace@outlook.com', 'nglroaxd');
