use compagnia_aerea;

insert into SEDILE values 
('01A'),('01B'),('01C'),('01D'),('01E'),('01F'),
('02A'),('02B'),('02C'),('02D'),('02E'),('02F'),
('03A'),('03B'),('03C'),('03D'),('03E'),('03F'),
('04A'),('04B'),('04C'),('04D'),('04E'),('04F'),
('05A'),('05B'),('05C'),('05D'),('05E'),('05F'),
('06A'),('06B'),('06C'),('06D'),('06E'),('06F'),
('07A'),('07B'),('07C'),('07D'),('07E'),('07F'),
('08A'),('08B'),('08C'),('08D'),('08E'),('08F'),
('09A'),('09B'),('09C'),('09D'),('09E'),('09F'),
('10A'),('10B'),('10C'),('10D'),('10E'),('10F'),
('11A'),('11B'),('11C'),('11D'),('11E'),('11F'),
('12A'),('12B'),('12C'),('12D'),('12E'),('12F'),
('13A'),('13B'),('13C'),('13D'),('13E'),('13F'),
('14A'),('14B'),('14C'),('14D'),('14E'),('14F'),
('15A'),('15B'),('15C'),('15D'),('15E'),('15F'),
('16A'),('16B'),('16C'),('16D'),('16E'),('16F'),
('17A'),('17B'),('17C'),('17D'),('17E'),('17F'),
('18A'),('18B'),('18C'),('18D'),('18E'),('18F'),
('19A'),('19B'),('19C'),('19D'),('19E'),('19F'),
('20A'),('20B'),('20C'),('20D'),('20E'),('20F'),
('21A'),('21B'),('21C'),('21D'),('21E'),('21F'),
('22A'),('22B'),('22C'),('22D'),('22E'),('22F'),
('23A'),('23B'),('23C'),('23D'),('23E'),('23F'),
('24A'),('24B'),('24C'),('24D'),('24E'),('24F'),
('25A'),('25B'),('25C'),('25D'),('25E'),('25F'),
('26A'),('26B'),('26C'),('26D'),('26E'),('26F'),
('27A'),('27B'),('27C'),('27D'),('27E'),('27F'),
('28A'),('28B'),('28C'),('28D'),('28E'),('28F'),
('29A'),('29B'),('29C'),('29D'),('29E'),('29F'),
('30A'),('30B'),('30C'),('30D'),('30E'),('30F'),
('31A'),('31B'),('31C'),('31D'),('31E'),('31F'),
('32A'),('32B'),('32C'),('32D'),('32E'),('32F'),
('33A'),('33B'),('33C'),('33D'),('33E'),('33F'),
('34A'),('34B'),('34C'),('34D'),('34E'),('34F'),
('35A'),('35B'),('35C'),('35D'),('35E'),('35F');

insert into RUOLO values 
('Hostess', 'assistente di bordo, donna'),
('Steward', 'assistente di bordo, uomo'),
('Comandante', 'pilota di grado più elevato'),
('Primo ufficiale', 'pilota che assiste il comandante');

insert into PRODUTTORE values
('Boeing', 'industria aeronautica statunitense produttrice di velivoli sia per utilizzo civile, che militare.'),
('Airbus', 'azienda con sede nei Paesi Bassi, che opera nel settore aerospaziale e della difesa');

insert into MODELLO values
('Boeing', '737 MAX', 'modello di aeroplano a fusoliera stretta'),
('Boeing', '767', 'bimotore a getto di linea, con configurazione a fusoliera larga ed ala bassa'),
('Boeing', '777', 'aereo di linea a fusoliera larga a lungo raggio'),
('Airbus', 'A320', 'aerei a fusoliera stretta per il corto-medio raggio'),
('Airbus', 'A330', 'aereo di linea bimotore turboventola'),
('Airbus', 'A380', 'aereo di linea quadrimotore a doppio ponte');

insert into CLASSE values
('economica','una sola borsa a mano, servizio escluso, sedili con poco spazio per le gambe'),
('prima','imbarco prioritario, servizio incluso'),
('business','servizio incluso, poltrone spaziose');

insert into RAGGRUPPAMENTO values
('Boeing', '737 MAX', 'economica', 20.00),
('Boeing', '737 MAX', 'prima', 45.50),
('Boeing', '737 MAX', 'business', 100.00),
('Boeing', '767', 'economica', 25.00),
('Boeing', '767', 'prima', 50.50),
('Boeing', '767', 'business', 110.00),
('Boeing', '777', 'economica', 30.00),
('Boeing', '777', 'prima', 60.00),
('Boeing', '777', 'business', 115.00),
('Airbus', 'A320', 'economica', 15.00),
('Airbus', 'A320', 'prima', 40.00),
('Airbus', 'A320', 'business', 80.00),
('Airbus', 'A330', 'economica', 25.00),
('Airbus', 'A330', 'prima', 50.00),
('Airbus', 'A330', 'business', 105.00),
('Airbus', 'A380', 'economica', 40.00),
('Airbus', 'A380', 'prima', 65.00),
('Airbus', 'A380', 'business', 150.00);

insert into AEROPORTO values
('LIMC','MXP','Italia','Milano'),
('LIMF','TRN','Italia','Torino'),
('LIRF','FCO','Italia','Roma'),
('LIMJ','GOA','Italia','Genova'),
('LIPK','FRL','Italia','Forli'),
('LIRN','NAP','Italia','Napoli'),
('LICJ','PMO','Italia','Palermo'),
('LEMD','MAD','Spagna','Madrid'),
('LEBL','BCN','Spagna','Barcellona'),
('LFPG','CDG','Francia','Parigi'),
('LFBD','BOD','Francia','Bordeaux'),
('EGLL','LHR','Inghilterra','Londra'),
('EGBB','BHX','Inghilterra','Birmingham'),
('EDDB','BER','Germania','Berlino'),
('EDDK','CGN','Germania','Cologne'),
('EDDF','FRA','Germania','Francoforte'),
('LOWW','VIE','Austria','Vienna');

insert into AEROPLANO values
('Boeing','737 MAX', '1', true), ('Boeing','737 MAX', '2', true), ('Boeing','737 MAX', '3', false), ('Boeing','737 MAX', '4', false), ('Boeing','737 MAX', '5', true),
('Boeing','737 MAX', '6', true), ('Boeing','737 MAX', '7', true), ('Boeing','737 MAX', '8', false), ('Boeing','737 MAX', '9', false), ('Boeing','737 MAX', '10', true),
('Boeing', '767', '1', true), ('Boeing', '767', '2', true), ('Boeing', '767', '3', false), ('Boeing', '767', '4', false), ('Boeing', '767', '5', false),
('Boeing', '767', '6', true), ('Boeing', '767', '7', true), ('Boeing', '767', '8', false), ('Boeing', '767', '9', false), ('Boeing', '767', '10', false),
('Boeing', '777', '1', false), ('Boeing', '777', '2', false), ('Boeing', '777', '3', false), ('Boeing', '777', '4', false), ('Boeing', '777', '5', false),
('Boeing', '777', '6', false), ('Boeing', '777', '7', false), ('Boeing', '777', '8', false), ('Boeing', '777', '9', false), ('Boeing', '777', '10', false),
('Airbus', 'A320', '1', true), ('Airbus', 'A320', '2', true), ('Airbus', 'A320', '3', true), ('Airbus', 'A320', '4', true), ('Airbus', 'A320', '5', false),
('Airbus', 'A320', '6', true), ('Airbus', 'A320', '7', true), ('Airbus', 'A320', '8', true), ('Airbus', 'A320', '9', true), ('Airbus', 'A320', '10', false),
('Airbus', 'A330', '1', true), ('Airbus', 'A330', '2', true), ('Airbus', 'A330', '3', false), ('Airbus', 'A330', '4', true), ('Airbus', 'A330', '5', true),
('Airbus', 'A330', '6', true), ('Airbus', 'A330', '7', true), ('Airbus', 'A330', '8', false), ('Airbus', 'A330', '9', true), ('Airbus', 'A330', '10', true),
('Airbus', 'A380', '1', true), ('Airbus', 'A380', '2', false), ('Airbus', 'A380', '3', true), ('Airbus', 'A380', '4', true), ('Airbus', 'A380', '5', true),
('Airbus', 'A380', '6', true), ('Airbus', 'A380', '7', false), ('Airbus', 'A380', '8', true), ('Airbus', 'A380', '9', true), ('Airbus', 'A380', '10', true);

insert into POSTO values
( 'Boeing', '737 MAX', '01A', 5.00, 'economica'), ( 'Boeing', '737 MAX', '01B', 5.00, 'economica'), 
( 'Boeing', '737 MAX', '02A', null, 'economica'), ( 'Boeing', '737 MAX', '02B', null, 'economica'), 
( 'Boeing', '737 MAX', '03A', null, 'economica'), ( 'Boeing', '737 MAX', '03B', null, 'economica'), 
( 'Boeing', '737 MAX', '04A', null, 'economica'), ( 'Boeing', '737 MAX', '04B', null, 'economica'), 
( 'Boeing', '737 MAX', '05A', null, 'economica'), ( 'Boeing', '737 MAX', '05B', null, 'economica'), 
( 'Boeing', '737 MAX', '06A', null, 'economica'), ( 'Boeing', '737 MAX', '06B', null, 'economica'), 
( 'Boeing', '737 MAX', '07A', null, 'economica'), ( 'Boeing', '737 MAX', '07B', null, 'economica'), 
( 'Boeing', '737 MAX', '08A', null, 'economica'), ( 'Boeing', '737 MAX', '08B', null, 'economica'), 
( 'Boeing', '737 MAX', '09A', null, 'economica'), ( 'Boeing', '737 MAX', '09B', null, 'economica'), 
( 'Boeing', '737 MAX', '10A', 2.50, 'economica'), ( 'Boeing', '737 MAX', '10B', 2.50, 'economica'), 
( 'Boeing', '737 MAX', '11A', null, 'prima'),     ( 'Boeing', '737 MAX', '11B', null, 'prima'),     
( 'Boeing', '737 MAX', '12A', null, 'prima'),     ( 'Boeing', '737 MAX', '12B', null, 'prima'),     
( 'Boeing', '737 MAX', '13A', null, 'prima'),     ( 'Boeing', '737 MAX', '13B', null, 'prima'),     
( 'Boeing', '737 MAX', '14A', null, 'prima'),     ( 'Boeing', '737 MAX', '14B', null, 'prima'),     
( 'Boeing', '737 MAX', '15A', 9.50, 'prima'),     ( 'Boeing', '737 MAX', '15B', 9.50, 'prima'),     
( 'Boeing', '737 MAX', '16A', null, 'business'),  ( 'Boeing', '737 MAX', '16B', null, 'business'),  
( 'Boeing', '737 MAX', '17A', null, 'business'),  ( 'Boeing', '737 MAX', '17B', null, 'business'),  
( 'Boeing', '737 MAX', '18A', null, 'business'),  ( 'Boeing', '737 MAX', '18B', null, 'business'),  
( 'Boeing', '737 MAX', '19A', 25.00, 'business'), ( 'Boeing', '737 MAX', '19B', 25.00, 'business'), 
( 'Boeing', '737 MAX', '20A', 50.00, 'business'), ( 'Boeing', '737 MAX', '20B', 50.00, 'business'), 
( 'Boeing', '737 MAX', '01C', 5.00, 'economica'), ( 'Boeing', '737 MAX', '01D', 5.00, 'economica'),
( 'Boeing', '737 MAX', '02C', null, 'economica'), ( 'Boeing', '737 MAX', '02D', null, 'economica'),
( 'Boeing', '737 MAX', '03C', null, 'economica'), ( 'Boeing', '737 MAX', '03D', null, 'economica'),
( 'Boeing', '737 MAX', '04C', null, 'economica'), ( 'Boeing', '737 MAX', '04D', null, 'economica'),
( 'Boeing', '737 MAX', '05C', null, 'economica'), ( 'Boeing', '737 MAX', '05D', null, 'economica'),
( 'Boeing', '737 MAX', '06C', null, 'economica'), ( 'Boeing', '737 MAX', '06D', null, 'economica'),
( 'Boeing', '737 MAX', '07C', null, 'economica'), ( 'Boeing', '737 MAX', '07D', null, 'economica'),
( 'Boeing', '737 MAX', '08C', null, 'economica'), ( 'Boeing', '737 MAX', '08D', null, 'economica'),
( 'Boeing', '737 MAX', '09C', null, 'economica'), ( 'Boeing', '737 MAX', '09D', null, 'economica'),
( 'Boeing', '737 MAX', '10C', 2.50, 'economica'), ( 'Boeing', '737 MAX', '10D', 2.50, 'economica'),
( 'Boeing', '737 MAX', '11C', null, 'prima'),     ( 'Boeing', '737 MAX', '11D', null, 'prima'),
( 'Boeing', '737 MAX', '12C', null, 'prima'),     ( 'Boeing', '737 MAX', '12D', null, 'prima'),
( 'Boeing', '737 MAX', '13C', null, 'prima'),     ( 'Boeing', '737 MAX', '13D', null, 'prima'),
( 'Boeing', '737 MAX', '14C', null, 'prima'),     ( 'Boeing', '737 MAX', '14D', null, 'prima'),
( 'Boeing', '737 MAX', '15C', 9.50, 'prima'),     ( 'Boeing', '737 MAX', '15D', 9.50, 'prima'),
( 'Boeing', '737 MAX', '16C', null, 'business'),  ( 'Boeing', '737 MAX', '16D', null, 'business'),
( 'Boeing', '737 MAX', '17C', null, 'business'),  ( 'Boeing', '737 MAX', '17D', null, 'business'),
( 'Boeing', '737 MAX', '18C', null, 'business'),  ( 'Boeing', '737 MAX', '18D', null, 'business'),
( 'Boeing', '737 MAX', '19C', 25.00, 'business'), ( 'Boeing', '737 MAX', '19D', 25.00, 'business'),
( 'Boeing', '737 MAX', '20C', 50.00, 'business'), ( 'Boeing', '737 MAX', '20D', 50.00, 'business'),
( 'Boeing', '767', '01A', null, 'economica'), ( 'Boeing', '767', '01B', null, 'economica'), 
( 'Boeing', '767', '02A', null, 'economica'), ( 'Boeing', '767', '02B', null, 'economica'), 
( 'Boeing', '767', '03A', null, 'economica'), ( 'Boeing', '767', '03B', null, 'economica'), 
( 'Boeing', '767', '04A', null, 'economica'), ( 'Boeing', '767', '04B', null, 'economica'), 
( 'Boeing', '767', '05A', null, 'economica'), ( 'Boeing', '767', '05B', null, 'economica'), 
( 'Boeing', '767', '06A', null, 'economica'), ( 'Boeing', '767', '06B', null, 'economica'), 
( 'Boeing', '767', '07A', null, 'economica'), ( 'Boeing', '767', '07B', null, 'economica'), 
( 'Boeing', '767', '08A', null, 'economica'), ( 'Boeing', '767', '08B', null, 'economica'), 
( 'Boeing', '767', '09A', null, 'economica'), ( 'Boeing', '767', '09B', null, 'economica'), 
( 'Boeing', '767', '10A', 2.50, 'economica'), ( 'Boeing', '767', '10B', 2.50, 'economica'), 
( 'Boeing', '767', '11A', null, 'economica'), ( 'Boeing', '767', '11B', null, 'economica'),     
( 'Boeing', '767', '12A', null, 'prima'),     ( 'Boeing', '767', '12B', null, 'prima'),     
( 'Boeing', '767', '13A', null, 'prima'),     ( 'Boeing', '767', '13B', null, 'prima'),     
( 'Boeing', '767', '14A', null, 'prima'),     ( 'Boeing', '767', '14B', null, 'prima'),     
( 'Boeing', '767', '15A', 9.50, 'prima'),     ( 'Boeing', '767', '15B', 9.50, 'prima'),     
( 'Boeing', '767', '16A', null, 'prima'),     ( 'Boeing', '767', '16B', null, 'prima'),  
( 'Boeing', '767', '17A', null, 'prima'),     ( 'Boeing', '767', '17B', null, 'prima'),  
( 'Boeing', '767', '18A', null, 'business'),  ( 'Boeing', '767', '18B', null, 'business'),  
( 'Boeing', '767', '19A', 25.00, 'business'), ( 'Boeing', '767', '19B', 25.00, 'business'), 
( 'Boeing', '767', '20A', 50.00, 'business'), ( 'Boeing', '767', '20B', 50.00, 'business'), 
( 'Boeing', '767', '01C', null, 'economica'), ( 'Boeing', '767', '01D', null, 'economica'),
( 'Boeing', '767', '02C', null, 'economica'), ( 'Boeing', '767', '02D', null, 'economica'),
( 'Boeing', '767', '03C', null, 'economica'), ( 'Boeing', '767', '03D', null, 'economica'),
( 'Boeing', '767', '04C', null, 'economica'), ( 'Boeing', '767', '04D', null, 'economica'),
( 'Boeing', '767', '05C', null, 'economica'), ( 'Boeing', '767', '05D', null, 'economica'),
( 'Boeing', '767', '06C', null, 'economica'), ( 'Boeing', '767', '06D', null, 'economica'),
( 'Boeing', '767', '07C', null, 'economica'), ( 'Boeing', '767', '07D', null, 'economica'),
( 'Boeing', '767', '08C', null, 'economica'), ( 'Boeing', '767', '08D', null, 'economica'),
( 'Boeing', '767', '09C', null, 'economica'), ( 'Boeing', '767', '09D', null, 'economica'),
( 'Boeing', '767', '10C', 2.50, 'economica'), ( 'Boeing', '767', '10D', 2.50, 'economica'),
( 'Boeing', '767', '11C', null, 'economica'), ( 'Boeing', '767', '11D', null, 'economica'),
( 'Boeing', '767', '12C', null, 'prima'),     ( 'Boeing', '767', '12D', null, 'prima'),
( 'Boeing', '767', '13C', null, 'prima'),     ( 'Boeing', '767', '13D', null, 'prima'),
( 'Boeing', '767', '14C', null, 'prima'),     ( 'Boeing', '767', '14D', null, 'prima'),
( 'Boeing', '767', '15C', 9.50, 'prima'),     ( 'Boeing', '767', '15D', 9.50, 'prima'),
( 'Boeing', '767', '16C', null, 'prima'),     ( 'Boeing', '767', '16D', null, 'prima'),
( 'Boeing', '767', '17C', null, 'prima'),     ( 'Boeing', '767', '17D', null, 'prima'),
( 'Boeing', '767', '18C', null, 'business'),  ( 'Boeing', '767', '18D', null, 'business'),
( 'Boeing', '767', '19C', 25.00, 'business'), ( 'Boeing', '767', '19D', 25.00, 'business'),
( 'Boeing', '767', '20C', 50.00, 'business'), ( 'Boeing', '767', '20D', 50.00, 'business'),
( 'Boeing', '777', '01A', null, 'economica'), ( 'Boeing', '777', '01B', null, 'economica'),  ( 'Boeing', '777', '01C', null, 'economica'),
( 'Boeing', '777', '02A', null, 'economica'), ( 'Boeing', '777', '02B', null, 'economica'),  ( 'Boeing', '777', '02C', null, 'economica'),
( 'Boeing', '777', '03A', null, 'economica'), ( 'Boeing', '777', '03B', null, 'economica'),  ( 'Boeing', '777', '03C', null, 'economica'),
( 'Boeing', '777', '04A', null, 'economica'), ( 'Boeing', '777', '04B', null, 'economica'),  ( 'Boeing', '777', '04C', null, 'economica'),
( 'Boeing', '777', '05A', null, 'economica'), ( 'Boeing', '777', '05B', null, 'economica'),  ( 'Boeing', '777', '05C', null, 'economica'),
( 'Boeing', '777', '06A', null, 'economica'), ( 'Boeing', '777', '06B', null, 'economica'),  ( 'Boeing', '777', '06C', null, 'economica'),
( 'Boeing', '777', '07A', null, 'economica'), ( 'Boeing', '777', '07B', null, 'economica'),  ( 'Boeing', '777', '07C', null, 'economica'),
( 'Boeing', '777', '08A', null, 'economica'), ( 'Boeing', '777', '08B', null, 'economica'),  ( 'Boeing', '777', '08C', null, 'economica'),
( 'Boeing', '777', '09A', null, 'economica'), ( 'Boeing', '777', '09B', null, 'economica'),  ( 'Boeing', '777', '09C', null, 'economica'),
( 'Boeing', '777', '10A', null, 'economica'), ( 'Boeing', '777', '10B', null, 'economica'),  ( 'Boeing', '777', '10C', null, 'economica'),
( 'Boeing', '777', '11A', null, 'economica'), ( 'Boeing', '777', '11B', null, 'economica'),  ( 'Boeing', '777', '11C', null, 'economica'),
( 'Boeing', '777', '12A', null, 'economica'), ( 'Boeing', '777', '12B', null, 'economica'),  ( 'Boeing', '777', '12C', null, 'economica'),
( 'Boeing', '777', '13A', 10.5, 'economica'), ( 'Boeing', '777', '13B', 10.5, 'economica'),  ( 'Boeing', '777', '13C', 10.5, 'economica'),
( 'Boeing', '777', '14A', null, 'economica'), ( 'Boeing', '777', '14B', null, 'economica'),  ( 'Boeing', '777', '14C', null, 'economica'),
( 'Boeing', '777', '15A', null, 'economica'), ( 'Boeing', '777', '15B', null, 'economica'),  ( 'Boeing', '777', '15C', null, 'economica'),
( 'Boeing', '777', '16A', null, 'economica'), ( 'Boeing', '777', '16B', null, 'economica'),  ( 'Boeing', '777', '16C', null, 'economica'),
( 'Boeing', '777', '17A', null, 'economica'), ( 'Boeing', '777', '17B', null, 'economica'),  ( 'Boeing', '777', '17C', null, 'economica'),
( 'Boeing', '777', '18A', null, 'economica'), ( 'Boeing', '777', '18B', null, 'economica'),  ( 'Boeing', '777', '18C', null, 'economica'),
( 'Boeing', '777', '19A', null, 'economica'), ( 'Boeing', '777', '19B', null, 'economica'),  ( 'Boeing', '777', '19C', null, 'economica'),
( 'Boeing', '777', '20A', null, 'economica'), ( 'Boeing', '777', '20B', null, 'economica'),  ( 'Boeing', '777', '20C', null, 'economica'),
( 'Boeing', '777', '21A', null, 'prima'),     ( 'Boeing', '777', '21B', null, 'prima'),      ( 'Boeing', '777', '21C', null, 'prima'),
( 'Boeing', '777', '22A', null, 'prima'),     ( 'Boeing', '777', '22B', null, 'prima'),      ( 'Boeing', '777', '22C', null, 'prima'),
( 'Boeing', '777', '23A', null, 'prima'),     ( 'Boeing', '777', '23B', null, 'prima'),      ( 'Boeing', '777', '23C', null, 'prima'),
( 'Boeing', '777', '24A', null, 'prima'),     ( 'Boeing', '777', '24B', null, 'prima'),      ( 'Boeing', '777', '24C', null, 'prima'),
( 'Boeing', '777', '25A', null, 'prima'),     ( 'Boeing', '777', '25B', null, 'prima'),      ( 'Boeing', '777', '25C', null, 'prima'),
( 'Boeing', '777', '26A', null, 'prima'),     ( 'Boeing', '777', '26B', null, 'prima'),      ( 'Boeing', '777', '26C', null, 'prima'),
( 'Boeing', '777', '27A', null, 'prima'),     ( 'Boeing', '777', '27B', null, 'prima'),      ( 'Boeing', '777', '27C', null, 'prima'),
( 'Boeing', '777', '28A', null, 'prima'),     ( 'Boeing', '777', '28B', null, 'prima'),      ( 'Boeing', '777', '28C', null, 'prima'),
( 'Boeing', '777', '29A', null, 'prima'),     ( 'Boeing', '777', '29B', null, 'prima'),      ( 'Boeing', '777', '29C', null, 'prima'),
( 'Boeing', '777', '30A', 12.5, 'prima'),     ( 'Boeing', '777', '30B', 12.5, 'prima'),      ( 'Boeing', '777', '30C', 12.5, 'prima'),
( 'Boeing', '777', '31A', null, 'business'),  ( 'Boeing', '777', '31B', null, 'business'),   ( 'Boeing', '777', '31C', null, 'business'),
( 'Boeing', '777', '32A', null, 'business'),  ( 'Boeing', '777', '32B', null, 'business'),   ( 'Boeing', '777', '32C', null, 'business'),
( 'Boeing', '777', '33A', 25, 'business'),    ( 'Boeing', '777', '33B', 25, 'business'),     ( 'Boeing', '777', '33C', 25, 'business'),
( 'Boeing', '777', '34A', 50, 'business'),    ( 'Boeing', '777', '34B', 50, 'business'),     ( 'Boeing', '777', '34C', 50, 'business'),
( 'Boeing', '777', '35A', 100, 'business'),   ( 'Boeing', '777', '35B', 100, 'business'),    ( 'Boeing', '777', '35C', 100, 'business'),
( 'Boeing', '777', '01D', null, 'economica'), ( 'Boeing', '777', '01E', null, 'economica'),  ( 'Boeing', '777', '01F', null, 'economica'),
( 'Boeing', '777', '02D', null, 'economica'), ( 'Boeing', '777', '02E', null, 'economica'),  ( 'Boeing', '777', '02F', null, 'economica'),
( 'Boeing', '777', '03D', null, 'economica'), ( 'Boeing', '777', '03E', null, 'economica'),  ( 'Boeing', '777', '03F', null, 'economica'),
( 'Boeing', '777', '04D', null, 'economica'), ( 'Boeing', '777', '04E', null, 'economica'),  ( 'Boeing', '777', '04F', null, 'economica'),
( 'Boeing', '777', '05D', null, 'economica'), ( 'Boeing', '777', '05E', null, 'economica'),  ( 'Boeing', '777', '05F', null, 'economica'),
( 'Boeing', '777', '06D', null, 'economica'), ( 'Boeing', '777', '06E', null, 'economica'),  ( 'Boeing', '777', '06F', null, 'economica'),
( 'Boeing', '777', '07D', null, 'economica'), ( 'Boeing', '777', '07E', null, 'economica'),  ( 'Boeing', '777', '07F', null, 'economica'),
( 'Boeing', '777', '08D', null, 'economica'), ( 'Boeing', '777', '08E', null, 'economica'),  ( 'Boeing', '777', '08F', null, 'economica'),
( 'Boeing', '777', '09D', null, 'economica'), ( 'Boeing', '777', '09E', null, 'economica'),  ( 'Boeing', '777', '09F', null, 'economica'),
( 'Boeing', '777', '10D', null, 'economica'), ( 'Boeing', '777', '10E', null, 'economica'),  ( 'Boeing', '777', '10F', null, 'economica'),
( 'Boeing', '777', '11D', null, 'economica'), ( 'Boeing', '777', '11E', null, 'economica'),  ( 'Boeing', '777', '11F', null, 'economica'),
( 'Boeing', '777', '12D', null, 'economica'), ( 'Boeing', '777', '12E', null, 'economica'),  ( 'Boeing', '777', '12F', null, 'economica'),
( 'Boeing', '777', '13D', 10.5, 'economica'), ( 'Boeing', '777', '13E', 10.5, 'economica'),  ( 'Boeing', '777', '13F', 10.5, 'economica'),
( 'Boeing', '777', '14D', null, 'economica'), ( 'Boeing', '777', '14E', null, 'economica'),  ( 'Boeing', '777', '14F', null, 'economica'),
( 'Boeing', '777', '15D', null, 'economica'), ( 'Boeing', '777', '15E', null, 'economica'),  ( 'Boeing', '777', '15F', null, 'economica'),
( 'Boeing', '777', '16D', null, 'economica'), ( 'Boeing', '777', '16E', null, 'economica'),  ( 'Boeing', '777', '16F', null, 'economica'),
( 'Boeing', '777', '17D', null, 'economica'), ( 'Boeing', '777', '17E', null, 'economica'),  ( 'Boeing', '777', '17F', null, 'economica'),
( 'Boeing', '777', '18D', null, 'economica'), ( 'Boeing', '777', '18E', null, 'economica'),  ( 'Boeing', '777', '18F', null, 'economica'),
( 'Boeing', '777', '19D', null, 'economica'), ( 'Boeing', '777', '19E', null, 'economica'),  ( 'Boeing', '777', '19F', null, 'economica'),
( 'Boeing', '777', '20D', null, 'economica'), ( 'Boeing', '777', '20E', null, 'economica'),  ( 'Boeing', '777', '20F', null, 'economica'),
( 'Boeing', '777', '21D', null, 'prima'),     ( 'Boeing', '777', '21E', null, 'prima'),      ( 'Boeing', '777', '21F', null, 'prima'),
( 'Boeing', '777', '22D', null, 'prima'),     ( 'Boeing', '777', '22E', null, 'prima'),      ( 'Boeing', '777', '22F', null, 'prima'),
( 'Boeing', '777', '23D', null, 'prima'),     ( 'Boeing', '777', '23E', null, 'prima'),      ( 'Boeing', '777', '23F', null, 'prima'),
( 'Boeing', '777', '24D', null, 'prima'),     ( 'Boeing', '777', '24E', null, 'prima'),      ( 'Boeing', '777', '24F', null, 'prima'),
( 'Boeing', '777', '25D', null, 'prima'),     ( 'Boeing', '777', '25E', null, 'prima'),      ( 'Boeing', '777', '25F', null, 'prima'),
( 'Boeing', '777', '26D', null, 'prima'),     ( 'Boeing', '777', '26E', null, 'prima'),      ( 'Boeing', '777', '26F', null, 'prima'),
( 'Boeing', '777', '27D', null, 'prima'),     ( 'Boeing', '777', '27E', null, 'prima'),      ( 'Boeing', '777', '27F', null, 'prima'),
( 'Boeing', '777', '28D', null, 'prima'),     ( 'Boeing', '777', '28E', null, 'prima'),      ( 'Boeing', '777', '28F', null, 'prima'),
( 'Boeing', '777', '29D', null, 'prima'),     ( 'Boeing', '777', '29E', null, 'prima'),      ( 'Boeing', '777', '29F', null, 'prima'),
( 'Boeing', '777', '30D', 12.5, 'prima'),     ( 'Boeing', '777', '30E', 12.5, 'prima'),      ( 'Boeing', '777', '30F', 12.5, 'prima'),
( 'Boeing', '777', '31D', null, 'business'),  ( 'Boeing', '777', '31E', null, 'business'),   ( 'Boeing', '777', '31F', null, 'business'),
( 'Boeing', '777', '32D', null, 'business'),  ( 'Boeing', '777', '32E', null, 'business'),   ( 'Boeing', '777', '32F', null, 'business'),
( 'Boeing', '777', '33D', 25, 'business'),    ( 'Boeing', '777', '33E', 25, 'business'),     ( 'Boeing', '777', '33F', 25, 'business'),
( 'Boeing', '777', '34D', 50, 'business'),    ( 'Boeing', '777', '34E', 50, 'business'),     ( 'Boeing', '777', '34F', 50, 'business'),
( 'Boeing', '777', '35D', 100, 'business'),   ( 'Boeing', '777', '35E', 100, 'business'),    ( 'Boeing', '777', '35F', 100, 'business'),
( 'Airbus', 'A320', '01A', 5.00, 'economica'), ( 'Airbus', 'A320', '01B', 5.00, 'economica'), 
( 'Airbus', 'A320', '02A', null, 'economica'), ( 'Airbus', 'A320', '02B', null, 'economica'), 
( 'Airbus', 'A320', '03A', null, 'economica'), ( 'Airbus', 'A320', '03B', null, 'economica'), 
( 'Airbus', 'A320', '04A', null, 'economica'), ( 'Airbus', 'A320', '04B', null, 'economica'), 
( 'Airbus', 'A320', '05A', null, 'economica'), ( 'Airbus', 'A320', '05B', null, 'economica'), 
( 'Airbus', 'A320', '06A', null, 'economica'), ( 'Airbus', 'A320', '06B', null, 'economica'), 
( 'Airbus', 'A320', '07A', null, 'economica'), ( 'Airbus', 'A320', '07B', null, 'economica'), 
( 'Airbus', 'A320', '08A', null, 'economica'), ( 'Airbus', 'A320', '08B', null, 'economica'), 
( 'Airbus', 'A320', '09A', null, 'economica'), ( 'Airbus', 'A320', '09B', null, 'economica'), 
( 'Airbus', 'A320', '10A', 2.50, 'economica'), ( 'Airbus', 'A320', '10B', 2.50, 'economica'), 
( 'Airbus', 'A320', '11A', null, 'prima'),     ( 'Airbus', 'A320', '11B', null, 'prima'),     
( 'Airbus', 'A320', '12A', null, 'prima'),     ( 'Airbus', 'A320', '12B', null, 'prima'),     
( 'Airbus', 'A320', '13A', null, 'prima'),     ( 'Airbus', 'A320', '13B', null, 'prima'),     
( 'Airbus', 'A320', '14A', null, 'prima'),     ( 'Airbus', 'A320', '14B', null, 'prima'),     
( 'Airbus', 'A320', '15A', 9.50, 'prima'),     ( 'Airbus', 'A320', '15B', 9.50, 'prima'),     
( 'Airbus', 'A320', '16A', null, 'business'),  ( 'Airbus', 'A320', '16B', null, 'business'),  
( 'Airbus', 'A320', '17A', null, 'business'),  ( 'Airbus', 'A320', '17B', null, 'business'),  
( 'Airbus', 'A320', '18A', null, 'business'),  ( 'Airbus', 'A320', '18B', null, 'business'),  
( 'Airbus', 'A320', '19A', 25.00, 'business'), ( 'Airbus', 'A320', '19B', 25.00, 'business'), 
( 'Airbus', 'A320', '20A', 50.00, 'business'), ( 'Airbus', 'A320', '20B', 50.00, 'business'), 
( 'Airbus', 'A320', '01C', 5.00, 'economica'), ( 'Airbus', 'A320', '01D', 5.00, 'economica'),
( 'Airbus', 'A320', '02C', null, 'economica'), ( 'Airbus', 'A320', '02D', null, 'economica'),
( 'Airbus', 'A320', '03C', null, 'economica'), ( 'Airbus', 'A320', '03D', null, 'economica'),
( 'Airbus', 'A320', '04C', null, 'economica'), ( 'Airbus', 'A320', '04D', null, 'economica'),
( 'Airbus', 'A320', '05C', null, 'economica'), ( 'Airbus', 'A320', '05D', null, 'economica'),
( 'Airbus', 'A320', '06C', null, 'economica'), ( 'Airbus', 'A320', '06D', null, 'economica'),
( 'Airbus', 'A320', '07C', null, 'economica'), ( 'Airbus', 'A320', '07D', null, 'economica'),
( 'Airbus', 'A320', '08C', null, 'economica'), ( 'Airbus', 'A320', '08D', null, 'economica'),
( 'Airbus', 'A320', '09C', null, 'economica'), ( 'Airbus', 'A320', '09D', null, 'economica'),
( 'Airbus', 'A320', '10C', 2.50, 'economica'), ( 'Airbus', 'A320', '10D', 2.50, 'economica'),
( 'Airbus', 'A320', '11C', null, 'prima'),     ( 'Airbus', 'A320', '11D', null, 'prima'),
( 'Airbus', 'A320', '12C', null, 'prima'),     ( 'Airbus', 'A320', '12D', null, 'prima'),
( 'Airbus', 'A320', '13C', null, 'prima'),     ( 'Airbus', 'A320', '13D', null, 'prima'),
( 'Airbus', 'A320', '14C', null, 'prima'),     ( 'Airbus', 'A320', '14D', null, 'prima'),
( 'Airbus', 'A320', '15C', 9.50, 'prima'),     ( 'Airbus', 'A320', '15D', 9.50, 'prima'),
( 'Airbus', 'A320', '16C', null, 'business'),  ( 'Airbus', 'A320', '16D', null, 'business'),
( 'Airbus', 'A320', '17C', null, 'business'),  ( 'Airbus', 'A320', '17D', null, 'business'),
( 'Airbus', 'A320', '18C', null, 'business'),  ( 'Airbus', 'A320', '18D', null, 'business'),
( 'Airbus', 'A320', '19C', 25.00, 'business'), ( 'Airbus', 'A320', '19D', 25.00, 'business'),
( 'Airbus', 'A320', '20C', 50.00, 'business'), ( 'Airbus', 'A320', '20D', 50.00, 'business'),
( 'Airbus', 'A330', '01A', null, 'economica'), ( 'Airbus', 'A330', '01B', null, 'economica'), 
( 'Airbus', 'A330', '02A', null, 'economica'), ( 'Airbus', 'A330', '02B', null, 'economica'), 
( 'Airbus', 'A330', '03A', null, 'economica'), ( 'Airbus', 'A330', '03B', null, 'economica'), 
( 'Airbus', 'A330', '04A', null, 'economica'), ( 'Airbus', 'A330', '04B', null, 'economica'), 
( 'Airbus', 'A330', '05A', null, 'economica'), ( 'Airbus', 'A330', '05B', null, 'economica'), 
( 'Airbus', 'A330', '06A', null, 'economica'), ( 'Airbus', 'A330', '06B', null, 'economica'), 
( 'Airbus', 'A330', '07A', null, 'economica'), ( 'Airbus', 'A330', '07B', null, 'economica'), 
( 'Airbus', 'A330', '08A', null, 'economica'), ( 'Airbus', 'A330', '08B', null, 'economica'), 
( 'Airbus', 'A330', '09A', null, 'economica'), ( 'Airbus', 'A330', '09B', null, 'economica'), 
( 'Airbus', 'A330', '10A', 2.50, 'economica'), ( 'Airbus', 'A330', '10B', 2.50, 'economica'), 
( 'Airbus', 'A330', '11A', null, 'economica'), ( 'Airbus', 'A330', '11B', null, 'economica'),     
( 'Airbus', 'A330', '12A', null, 'prima'),     ( 'Airbus', 'A330', '12B', null, 'prima'),     
( 'Airbus', 'A330', '13A', null, 'prima'),     ( 'Airbus', 'A330', '13B', null, 'prima'),     
( 'Airbus', 'A330', '14A', null, 'prima'),     ( 'Airbus', 'A330', '14B', null, 'prima'),     
( 'Airbus', 'A330', '15A', 9.50, 'prima'),     ( 'Airbus', 'A330', '15B', 9.50, 'prima'),     
( 'Airbus', 'A330', '16A', null, 'prima'),     ( 'Airbus', 'A330', '16B', null, 'prima'),  
( 'Airbus', 'A330', '17A', null, 'prima'),     ( 'Airbus', 'A330', '17B', null, 'prima'),  
( 'Airbus', 'A330', '18A', null, 'business'),  ( 'Airbus', 'A330', '18B', null, 'business'),  
( 'Airbus', 'A330', '19A', 25.00, 'business'), ( 'Airbus', 'A330', '19B', 25.00, 'business'), 
( 'Airbus', 'A330', '20A', 50.00, 'business'), ( 'Airbus', 'A330', '20B', 50.00, 'business'), 
( 'Airbus', 'A330', '01C', null, 'economica'), ( 'Airbus', 'A330', '01D', null, 'economica'),
( 'Airbus', 'A330', '02C', null, 'economica'), ( 'Airbus', 'A330', '02D', null, 'economica'),
( 'Airbus', 'A330', '03C', null, 'economica'), ( 'Airbus', 'A330', '03D', null, 'economica'),
( 'Airbus', 'A330', '04C', null, 'economica'), ( 'Airbus', 'A330', '04D', null, 'economica'),
( 'Airbus', 'A330', '05C', null, 'economica'), ( 'Airbus', 'A330', '05D', null, 'economica'),
( 'Airbus', 'A330', '06C', null, 'economica'), ( 'Airbus', 'A330', '06D', null, 'economica'),
( 'Airbus', 'A330', '07C', null, 'economica'), ( 'Airbus', 'A330', '07D', null, 'economica'),
( 'Airbus', 'A330', '08C', null, 'economica'), ( 'Airbus', 'A330', '08D', null, 'economica'),
( 'Airbus', 'A330', '09C', null, 'economica'), ( 'Airbus', 'A330', '09D', null, 'economica'),
( 'Airbus', 'A330', '10C', 2.50, 'economica'), ( 'Airbus', 'A330', '10D', 2.50, 'economica'),
( 'Airbus', 'A330', '11C', null, 'economica'), ( 'Airbus', 'A330', '11D', null, 'economica'),
( 'Airbus', 'A330', '12C', null, 'prima'),     ( 'Airbus', 'A330', '12D', null, 'prima'),
( 'Airbus', 'A330', '13C', null, 'prima'),     ( 'Airbus', 'A330', '13D', null, 'prima'),
( 'Airbus', 'A330', '14C', null, 'prima'),     ( 'Airbus', 'A330', '14D', null, 'prima'),
( 'Airbus', 'A330', '15C', 9.50, 'prima'),     ( 'Airbus', 'A330', '15D', 9.50, 'prima'),
( 'Airbus', 'A330', '16C', null, 'prima'),     ( 'Airbus', 'A330', '16D', null, 'prima'),
( 'Airbus', 'A330', '17C', null, 'prima'),     ( 'Airbus', 'A330', '17D', null, 'prima'),
( 'Airbus', 'A330', '18C', null, 'business'),  ( 'Airbus', 'A330', '18D', null, 'business'),
( 'Airbus', 'A330', '19C', 25.00, 'business'), ( 'Airbus', 'A330', '19D', 25.00, 'business'),
( 'Airbus', 'A330', '20C', 50.00, 'business'), ( 'Airbus', 'A330', '20D', 50.00, 'business'),
( 'Airbus', 'A380', '01A', null, 'economica'), ( 'Airbus', 'A380', '01B', null, 'economica'),  ( 'Airbus', 'A380', '01C', null, 'economica'),
( 'Airbus', 'A380', '02A', null, 'economica'), ( 'Airbus', 'A380', '02B', null, 'economica'),  ( 'Airbus', 'A380', '02C', null, 'economica'),
( 'Airbus', 'A380', '03A', null, 'economica'), ( 'Airbus', 'A380', '03B', null, 'economica'),  ( 'Airbus', 'A380', '03C', null, 'economica'),
( 'Airbus', 'A380', '04A', null, 'economica'), ( 'Airbus', 'A380', '04B', null, 'economica'),  ( 'Airbus', 'A380', '04C', null, 'economica'),
( 'Airbus', 'A380', '05A', null, 'economica'), ( 'Airbus', 'A380', '05B', null, 'economica'),  ( 'Airbus', 'A380', '05C', null, 'economica'),
( 'Airbus', 'A380', '06A', null, 'economica'), ( 'Airbus', 'A380', '06B', null, 'economica'),  ( 'Airbus', 'A380', '06C', null, 'economica'),
( 'Airbus', 'A380', '07A', null, 'economica'), ( 'Airbus', 'A380', '07B', null, 'economica'),  ( 'Airbus', 'A380', '07C', null, 'economica'),
( 'Airbus', 'A380', '08A', null, 'economica'), ( 'Airbus', 'A380', '08B', null, 'economica'),  ( 'Airbus', 'A380', '08C', null, 'economica'),
( 'Airbus', 'A380', '09A', null, 'economica'), ( 'Airbus', 'A380', '09B', null, 'economica'),  ( 'Airbus', 'A380', '09C', null, 'economica'),
( 'Airbus', 'A380', '10A', null, 'economica'), ( 'Airbus', 'A380', '10B', null, 'economica'),  ( 'Airbus', 'A380', '10C', null, 'economica'),
( 'Airbus', 'A380', '11A', null, 'economica'), ( 'Airbus', 'A380', '11B', null, 'economica'),  ( 'Airbus', 'A380', '11C', null, 'economica'),
( 'Airbus', 'A380', '12A', null, 'economica'), ( 'Airbus', 'A380', '12B', null, 'economica'),  ( 'Airbus', 'A380', '12C', null, 'economica'),
( 'Airbus', 'A380', '13A', 10.5, 'economica'), ( 'Airbus', 'A380', '13B', 10.5, 'economica'),  ( 'Airbus', 'A380', '13C', 10.5, 'economica'),
( 'Airbus', 'A380', '14A', null, 'economica'), ( 'Airbus', 'A380', '14B', null, 'economica'),  ( 'Airbus', 'A380', '14C', null, 'economica'),
( 'Airbus', 'A380', '15A', null, 'economica'), ( 'Airbus', 'A380', '15B', null, 'economica'),  ( 'Airbus', 'A380', '15C', null, 'economica'),
( 'Airbus', 'A380', '16A', null, 'economica'), ( 'Airbus', 'A380', '16B', null, 'economica'),  ( 'Airbus', 'A380', '16C', null, 'economica'),
( 'Airbus', 'A380', '17A', null, 'economica'), ( 'Airbus', 'A380', '17B', null, 'economica'),  ( 'Airbus', 'A380', '17C', null, 'economica'),
( 'Airbus', 'A380', '18A', null, 'economica'), ( 'Airbus', 'A380', '18B', null, 'economica'),  ( 'Airbus', 'A380', '18C', null, 'economica'),
( 'Airbus', 'A380', '19A', null, 'economica'), ( 'Airbus', 'A380', '19B', null, 'economica'),  ( 'Airbus', 'A380', '19C', null, 'economica'),
( 'Airbus', 'A380', '20A', null, 'economica'), ( 'Airbus', 'A380', '20B', null, 'economica'),  ( 'Airbus', 'A380', '20C', null, 'economica'),
( 'Airbus', 'A380', '21A', null, 'prima'),     ( 'Airbus', 'A380', '21B', null, 'prima'),      ( 'Airbus', 'A380', '21C', null, 'prima'),
( 'Airbus', 'A380', '22A', null, 'prima'),     ( 'Airbus', 'A380', '22B', null, 'prima'),      ( 'Airbus', 'A380', '22C', null, 'prima'),
( 'Airbus', 'A380', '23A', null, 'prima'),     ( 'Airbus', 'A380', '23B', null, 'prima'),      ( 'Airbus', 'A380', '23C', null, 'prima'),
( 'Airbus', 'A380', '24A', null, 'prima'),     ( 'Airbus', 'A380', '24B', null, 'prima'),      ( 'Airbus', 'A380', '24C', null, 'prima'),
( 'Airbus', 'A380', '25A', null, 'prima'),     ( 'Airbus', 'A380', '25B', null, 'prima'),      ( 'Airbus', 'A380', '25C', null, 'prima'),
( 'Airbus', 'A380', '26A', null, 'prima'),     ( 'Airbus', 'A380', '26B', null, 'prima'),      ( 'Airbus', 'A380', '26C', null, 'prima'),
( 'Airbus', 'A380', '27A', null, 'prima'),     ( 'Airbus', 'A380', '27B', null, 'prima'),      ( 'Airbus', 'A380', '27C', null, 'prima'),
( 'Airbus', 'A380', '28A', null, 'prima'),     ( 'Airbus', 'A380', '28B', null, 'prima'),      ( 'Airbus', 'A380', '28C', null, 'prima'),
( 'Airbus', 'A380', '29A', null, 'prima'),     ( 'Airbus', 'A380', '29B', null, 'prima'),      ( 'Airbus', 'A380', '29C', null, 'prima'),
( 'Airbus', 'A380', '30A', 12.5, 'prima'),     ( 'Airbus', 'A380', '30B', 12.5, 'prima'),      ( 'Airbus', 'A380', '30C', 12.5, 'prima'),
( 'Airbus', 'A380', '31A', null, 'business'),  ( 'Airbus', 'A380', '31B', null, 'business'),   ( 'Airbus', 'A380', '31C', null, 'business'),
( 'Airbus', 'A380', '32A', null, 'business'),  ( 'Airbus', 'A380', '32B', null, 'business'),   ( 'Airbus', 'A380', '32C', null, 'business'),
( 'Airbus', 'A380', '33A', 25, 'business'),    ( 'Airbus', 'A380', '33B', 25, 'business'),     ( 'Airbus', 'A380', '33C', 25, 'business'),
( 'Airbus', 'A380', '34A', 50, 'business'),    ( 'Airbus', 'A380', '34B', 50, 'business'),     ( 'Airbus', 'A380', '34C', 50, 'business'),
( 'Airbus', 'A380', '35A', 100, 'business'),   ( 'Airbus', 'A380', '35B', 100, 'business'),    ( 'Airbus', 'A380', '35C', 100, 'business'),
( 'Airbus', 'A380', '01D', null, 'economica'), ( 'Airbus', 'A380', '01E', null, 'economica'),  ( 'Airbus', 'A380', '01F', null, 'economica'),
( 'Airbus', 'A380', '02D', null, 'economica'), ( 'Airbus', 'A380', '02E', null, 'economica'),  ( 'Airbus', 'A380', '02F', null, 'economica'),
( 'Airbus', 'A380', '03D', null, 'economica'), ( 'Airbus', 'A380', '03E', null, 'economica'),  ( 'Airbus', 'A380', '03F', null, 'economica'),
( 'Airbus', 'A380', '04D', null, 'economica'), ( 'Airbus', 'A380', '04E', null, 'economica'),  ( 'Airbus', 'A380', '04F', null, 'economica'),
( 'Airbus', 'A380', '05D', null, 'economica'), ( 'Airbus', 'A380', '05E', null, 'economica'),  ( 'Airbus', 'A380', '05F', null, 'economica'),
( 'Airbus', 'A380', '06D', null, 'economica'), ( 'Airbus', 'A380', '06E', null, 'economica'),  ( 'Airbus', 'A380', '06F', null, 'economica'),
( 'Airbus', 'A380', '07D', null, 'economica'), ( 'Airbus', 'A380', '07E', null, 'economica'),  ( 'Airbus', 'A380', '07F', null, 'economica'),
( 'Airbus', 'A380', '08D', null, 'economica'), ( 'Airbus', 'A380', '08E', null, 'economica'),  ( 'Airbus', 'A380', '08F', null, 'economica'),
( 'Airbus', 'A380', '09D', null, 'economica'), ( 'Airbus', 'A380', '09E', null, 'economica'),  ( 'Airbus', 'A380', '09F', null, 'economica'),
( 'Airbus', 'A380', '10D', null, 'economica'), ( 'Airbus', 'A380', '10E', null, 'economica'),  ( 'Airbus', 'A380', '10F', null, 'economica'),
( 'Airbus', 'A380', '11D', null, 'economica'), ( 'Airbus', 'A380', '11E', null, 'economica'),  ( 'Airbus', 'A380', '11F', null, 'economica'),
( 'Airbus', 'A380', '12D', null, 'economica'), ( 'Airbus', 'A380', '12E', null, 'economica'),  ( 'Airbus', 'A380', '12F', null, 'economica'),
( 'Airbus', 'A380', '13D', 10.5, 'economica'), ( 'Airbus', 'A380', '13E', 10.5, 'economica'),  ( 'Airbus', 'A380', '13F', 10.5, 'economica'),
( 'Airbus', 'A380', '14D', null, 'economica'), ( 'Airbus', 'A380', '14E', null, 'economica'),  ( 'Airbus', 'A380', '14F', null, 'economica'),
( 'Airbus', 'A380', '15D', null, 'economica'), ( 'Airbus', 'A380', '15E', null, 'economica'),  ( 'Airbus', 'A380', '15F', null, 'economica'),
( 'Airbus', 'A380', '16D', null, 'economica'), ( 'Airbus', 'A380', '16E', null, 'economica'),  ( 'Airbus', 'A380', '16F', null, 'economica'),
( 'Airbus', 'A380', '17D', null, 'economica'), ( 'Airbus', 'A380', '17E', null, 'economica'),  ( 'Airbus', 'A380', '17F', null, 'economica'),
( 'Airbus', 'A380', '18D', null, 'economica'), ( 'Airbus', 'A380', '18E', null, 'economica'),  ( 'Airbus', 'A380', '18F', null, 'economica'),
( 'Airbus', 'A380', '19D', null, 'economica'), ( 'Airbus', 'A380', '19E', null, 'economica'),  ( 'Airbus', 'A380', '19F', null, 'economica'),
( 'Airbus', 'A380', '20D', null, 'economica'), ( 'Airbus', 'A380', '20E', null, 'economica'),  ( 'Airbus', 'A380', '20F', null, 'economica'),
( 'Airbus', 'A380', '21D', null, 'prima'),     ( 'Airbus', 'A380', '21E', null, 'prima'),      ( 'Airbus', 'A380', '21F', null, 'prima'),
( 'Airbus', 'A380', '22D', null, 'prima'),     ( 'Airbus', 'A380', '22E', null, 'prima'),      ( 'Airbus', 'A380', '22F', null, 'prima'),
( 'Airbus', 'A380', '23D', null, 'prima'),     ( 'Airbus', 'A380', '23E', null, 'prima'),      ( 'Airbus', 'A380', '23F', null, 'prima'),
( 'Airbus', 'A380', '24D', null, 'prima'),     ( 'Airbus', 'A380', '24E', null, 'prima'),      ( 'Airbus', 'A380', '24F', null, 'prima'),
( 'Airbus', 'A380', '25D', null, 'prima'),     ( 'Airbus', 'A380', '25E', null, 'prima'),      ( 'Airbus', 'A380', '25F', null, 'prima'),
( 'Airbus', 'A380', '26D', null, 'prima'),     ( 'Airbus', 'A380', '26E', null, 'prima'),      ( 'Airbus', 'A380', '26F', null, 'prima'),
( 'Airbus', 'A380', '27D', null, 'prima'),     ( 'Airbus', 'A380', '27E', null, 'prima'),      ( 'Airbus', 'A380', '27F', null, 'prima'),
( 'Airbus', 'A380', '28D', null, 'prima'),     ( 'Airbus', 'A380', '28E', null, 'prima'),      ( 'Airbus', 'A380', '28F', null, 'prima'),
( 'Airbus', 'A380', '29D', null, 'prima'),     ( 'Airbus', 'A380', '29E', null, 'prima'),      ( 'Airbus', 'A380', '29F', null, 'prima'),
( 'Airbus', 'A380', '30D', 12.5, 'prima'),     ( 'Airbus', 'A380', '30E', 12.5, 'prima'),      ( 'Airbus', 'A380', '30F', 12.5, 'prima'),
( 'Airbus', 'A380', '31D', null, 'business'),  ( 'Airbus', 'A380', '31E', null, 'business'),   ( 'Airbus', 'A380', '31F', null, 'business'),
( 'Airbus', 'A380', '32D', null, 'business'),  ( 'Airbus', 'A380', '32E', null, 'business'),   ( 'Airbus', 'A380', '32F', null, 'business'),
( 'Airbus', 'A380', '33D', 25, 'business'),    ( 'Airbus', 'A380', '33E', 25, 'business'),     ( 'Airbus', 'A380', '33F', 25, 'business'),
( 'Airbus', 'A380', '34D', 50, 'business'),    ( 'Airbus', 'A380', '34E', 50, 'business'),     ( 'Airbus', 'A380', '34F', 50, 'business'),
( 'Airbus', 'A380', '35D', 100, 'business'),   ( 'Airbus', 'A380', '35E', 100, 'business'),    ( 'Airbus', 'A380', '35F', 100, 'business');

insert into PASSEGGERO values
( 'Emanuele', 'Valentini', 'VLNMNL61T15C573B', 'Emanuele.Valentini@gmail.com', 'vkmkxvvz'),
( 'Sara', 'Pellegrino', 'PLLSRA99H59C573Q', 'Sara.Pellegrino@gmail.com', 'fwtleyuj'),
( 'Rebecca', 'Giorgi', 'GRGRCC61E66C573Q', 'Rebecca.Giorgi@outlook.com', 'jjdtmplg'),
( 'Vittoria', 'Angelis', 'NGLVTR49A65C573T', 'Vittoria.Angelis@outlook.com', 'fzysopmd'),
( 'Luca', 'Rocca', 'RCCLCU56R11C573E', 'Luca.Rocca@gmail.com', 'gekgzwtj'),
( 'Carlotta', 'Mauro', 'MRACLT32M54C573B', 'Carlotta.Mauro@gmail.com', 'aepvnbcq'),
( 'Rebecca', 'Marini', 'MRNRCC21L48C573L', 'Rebecca.Marini@gmail.com', 'zxaphhzl'),
( 'Daniele', 'Caruso', 'CRSDNL90C07C573K', 'Daniele.Caruso@outlook.com', 'ammoxbwu'),
( 'Ambra', 'Guerra', 'GRRMBR44R52C573Z', 'Ambra.Guerra@outlook.com', 'gfdepedm'),
( 'Nina', 'Fontana', 'FNTNNI93D67C573I', 'Nina.Fontana@outlook.com', 'ufelawrz'),
( 'Enea', 'Rocca', 'RCCNEE53A05C573W', 'Enea.Rocca@gmail.com', 'pxrpjigw'),
( 'Thomas', 'Martini', 'MRTTMS41B02C573S', 'Thomas.Martini@gmail.com', 'augojrfa'),
( 'Sole', 'Marchetti', 'MRCSLO02D56C573F', 'Sole.Marchetti@outlook.com', 'vujcjciu'),
( 'Matteo', 'Palma', 'PLMMTT12A10C573H', 'Matteo.Palma@gmail.com', 'xvfyrcpd'),
( 'Emma', 'Ferrara', 'FRRMME96B64C573N', 'Emma.Ferrara@gmail.com', 'csriktso'),
( 'Bianca', 'Ricci', 'RCCBNC28D56C573D', 'Bianca.Ricci@gmail.com', 'pfgrmtvi'),
( 'Francesco', 'Fiore', 'FRIFNC04T11C573V', 'Francesco.Fiore@outlook.com', 'mxbjqydf'),
( 'Gabriele', 'Fabbri', 'FBBGRL48T09C573Q', 'Gabriele.Fabbri@outlook.com', 'xqsiotdc'),
( 'Samuele', 'Palma', 'PLMSML32B25C573C', 'Samuele.Palma@outlook.com', 'jyjxzgkq'),
( 'Jacopo', 'Grassi', 'GRSJCP70D26C573N', 'Jacopo.Grassi@gmail.com', 'rvtqrpkt'),
( 'Marco', 'Gentile', 'GNTMRC11P26C573K', 'Marco.Gentile@gmail.com', 'otxptsar'),
( 'Liam', 'Riva', 'RVILMI15R22C573E', 'Liam.Riva@outlook.com', 'urjutzuw'),
( 'Elisa', 'Paola', 'PLALSE86M64C573Z', 'Elisa.Paola@outlook.com', 'jjvwpqau'),
( 'Ginevra', 'Rossi', 'RSSGVR31M53C573I', 'Ginevra.Rossi@gmail.com', 'dtbrqodp'),
( 'Edoardo', 'Riva', 'RVIDRD71M22C573E', 'Edoardo.Riva@outlook.com', 'vvhqgjtj'),
( 'Elia', 'Bianchi', 'BNCLEI83D27C573T', 'Elia.Bianchi@gmail.com', 'rfzbrjck'),
( 'Edoardo', 'Marchetti', 'MRCDRD39E06C573T', 'Edoardo.Marchetti@outlook.com', 'wmtxkutf'),
( 'Emma', 'Re', 'REXMME89A66C573U', 'Emma.Re@gmail.com', 'qeyatzpq'),
( 'Michele', 'Rizzi', 'RZZMHL96B13C573E', 'Michele.Rizzi@gmail.com', 'mtghblne'),
( 'Riccardo', 'Monti', 'MNTRCR54E07C573A', 'Riccardo.Monti@outlook.com', 'odlcykdc'),
( 'Gaia', 'Leone', 'LNEGAI20T56C573F', 'Gaia.Leone@gmail.com', 'ccijvkcc'),
( 'Giorgia', 'Martino', 'MRTGRG95A44C573I', 'Giorgia.Martino@gmail.com', 'figazipg'),
( 'Isabel', 'Ferrara', 'FRRSBL38S57C573P', 'Isabel.Ferrara@outlook.com', 'vpkqmvae'),
( 'Vincenzo', 'Agostino', 'GSTVCN33C19C573W', 'Vincenzo.Agostino@outlook.com', 'peqxcknz'),
( 'Emanuele', 'Mauro', 'MRAMNL74L16C573T', 'Emanuele.Mauro@gmail.com', 'bujrbbpv'),
( 'Amelia', 'Martinelli', 'MRTMLA35T47C573L', 'Amelia.Martinelli@outlook.com', 'rjremhcn'),
( 'Alice', 'Santoro', 'SNTLCA85B47C573Z', 'Alice.Santoro@outlook.com', 'wwaezwwr'),
( 'Adele', 'Testa', 'TSTDLA05A58C573J', 'Adele.Testa@outlook.com', 'fdpueyhg'),
( 'Giorgia', 'Angelis', 'NGLGRG84T56C573G', 'Giorgia.Angelis@outlook.com', 'bwnogxjr'),
( 'Martina', 'Ricci', 'RCCMTN11B65C573Z', 'Martina.Ricci@gmail.com', 'dmfbsobm'),
( 'Isabel', 'Rizzo', 'RZZSBL48C68C573F', 'Isabel.Rizzo@outlook.com', 'zemabloo'),
( 'Giorgio', 'Mariani', 'MRNGRG76M14C573Z', 'Giorgio.Mariani@gmail.com', 'cxcclpbg'),
( 'Martina', 'Ferro', 'FRRMTN27D60C573C', 'Martina.Ferro@gmail.com', 'lzpitjue'),
( 'Samuele', 'Vitale', 'VTLSML92A06C573S', 'Samuele.Vitale@outlook.com', 'ddmyrfas'),
( 'Eleonora', 'Moro', 'MROLNR99B63C573K', 'Eleonora.Moro@gmail.com', 'xwxgfdwv'),
( 'Alessia', 'Piazza', 'PZZLSS60T61C573A', 'Alessia.Piazza@gmail.com', 'dkpmmeih'),
( 'Emily', 'Greco', 'GRCMLY01M42C573F', 'Emily.Greco@gmail.com', 'wuvakzrb'),
( 'Sole', 'Martini', 'MRTSLO04M51C573M', 'Sole.Martini@gmail.com', 'rptpxpad'),
( 'Luca', 'Giordano', 'GRDLCU80P09C573R', 'Luca.Giordano@gmail.com', 'iurfsgmx'),
( 'Anna', 'Rinaldi', 'RNLNNA23C43C573H', 'Anna.Rinaldi@outlook.com', 'yqcqyhpu'),
( 'Luna', 'Rossetti', 'RSSLNU93C67C573O', 'Luna.Rossetti@gmail.com', 'vfwawfkf'),
( 'Michele', 'Barone', 'BRNMHL60S13C573L', 'Michele.Barone@outlook.com', 'qsqjrpns'),
( 'Andrea', 'Ferrara', 'FRRNDR26C06C573F', 'Andrea.Ferrara@outlook.com', 'dvtuouje'),
( 'Ambra', 'Gallo', 'GLLMBR30C41C573A', 'Ambra.Gallo@outlook.com', 'ddfnkndn'),
( 'Nicolò', 'Benedetti', 'BNDNCL60P02C573X', 'Nicolò.Benedetti@outlook.com', 'ohlabltw'),
( 'Vincenzo', 'Palumbo', 'PLMVCN51T07C573P', 'Vincenzo.Palumbo@outlook.com', 'vhumoxur'),
( 'Antonio', 'Leone', 'LNENTN88P24C573G', 'Antonio.Leone@gmail.com', 'cjtkvewb'),
( 'Alessio', 'Moretti', 'MRTLSS19D22C573M', 'Alessio.Moretti@outlook.com', 'ptqpmhoj'),
( 'Nathan', 'Villa', 'VLLNHN73M15C573T', 'Nathan.Villa@outlook.com', 'ptwdenow'),
( 'Isabel', 'Lombardo', 'LMBSBL00B59C573X', 'Isabel.Lombardo@gmail.com', 'jfxluzlb'),
( 'Noemi', 'Ferrari', 'FRRNMO49L65C573X', 'Noemi.Ferrari@outlook.com', 'lsrntlmi'),
( 'Emma', 'Coppola', 'CPPMME17L58C573R', 'Emma.Coppola@outlook.com', 'istgvsow'),
( 'Daniele', 'Sanna', 'SNNDNL27H15C573V', 'Daniele.Sanna@outlook.com', 'inqcrdph'),
( 'Vincenzo', 'Martini', 'MRTVCN17M11C573N', 'Vincenzo.Martini@outlook.com', 'tqyfwywg'),
( 'Noemi', 'Gatti', 'GTTNMO62S51C573A', 'Noemi.Gatti@gmail.com', 'xxjtgapd'),
( 'Ettore', 'Conte', 'CNTTTR96M08C573T', 'Ettore.Conte@outlook.com', 'vskjefhe'),
( 'Elena', 'Grassi', 'GRSLNE52H58C573I', 'Elena.Grassi@outlook.com', 'bjnoaczv'),
( 'Chloe', 'Barone', 'BRNCHL56T43C573K', 'Chloe.Barone@gmail.com', 'wvzquuzo'),
( 'Ginevra', 'Giordano', 'GRDGVR75L59C573X', 'Ginevra.Giordano@outlook.com', 'yzqbgtul'),
( 'Pietro', 'Fabbri', 'FBBPTR73S12C573X', 'Pietro.Fabbri@gmail.com', 'ktzldwvq'),
( 'Mattia', 'Amico', 'MCAMTT67A09C573J', 'Mattia.Amico@outlook.com', 'myfvzlbl'),
( 'Marta', 'Agostino', 'GSTMRT47S46C573G', 'Marta.Agostino@outlook.com', 'lqdlrkgx'),
( 'Filippo', 'Amato', 'MTAFPP12T27C573V', 'Filippo.Amato@outlook.com', 'nftopvss'),
( 'Giovanni', 'Gentile', 'GNTGNN07S05C573N', 'Giovanni.Gentile@gmail.com', 'fqifcmix'),
( 'Riccardo', 'Fontana', 'FNTRCR57T20C573P', 'Riccardo.Fontana@gmail.com', 'odrnxruk'),
( 'Elia', 'Morelli', 'MRLLEI62R18C573L', 'Elia.Morelli@outlook.com', 'xkzfdoys'),
( 'Gabriele', 'Farina', 'FRNGRL85C10C573F', 'Gabriele.Farina@gmail.com', 'zghisooj'),
( 'Liam', 'Amico', 'MCALMI06H15C573V', 'Liam.Amico@gmail.com', 'xxnywnzk'),
( 'Noemi', 'Rinaldi', 'RNLNMO95E48C573B', 'Noemi.Rinaldi@outlook.com', 'ukoggwxl'),
( 'Giorgia', 'Conte', 'CNTGRG94S52C573Y', 'Giorgia.Conte@gmail.com', 'ayqalsfa'),
( 'Daniel', 'Pasquale', 'PSQDNL99L13C573C', 'Daniel.Pasquale@gmail.com', 'yqeybgdj'),
( 'Emma', 'Gatti', 'GTTMME73C49C573F', 'Emma.Gatti@gmail.com', 'zsgvjukw'),
( 'Vincenzo', 'Ferrara', 'FRRVCN70H15C573Y', 'Vincenzo.Ferrara@gmail.com', 'ersljayb'),
( 'Nicolò', 'Cattaneo', 'CTTNCL65C26C573I', 'Nicolò.Cattaneo@outlook.com', 'bnczjrbx'),
( 'Ginevra', 'Conti', 'CNTGVR10P64C573I', 'Ginevra.Conti@outlook.com', 'kcabwvsh'),
( 'Ettore', 'Esposito', 'SPSTTR96P17C573K', 'Ettore.Esposito@gmail.com', 'gyrfaktc'),
( 'Giulia', 'Giuliani', 'GLNGLI11M43C573T', 'Giulia.Giuliani@outlook.com', 'qpczisty'),
( 'Riccardo', 'Giordano', 'GRDRCR92M14C573C', 'Riccardo.Giordano@gmail.com', 'nehvwwjz'),
( 'Noemi', 'Bruno', 'BRNNMO99M65C573W', 'Noemi.Bruno@outlook.com', 'ntzbolze'),
( 'Chiara', 'Rizzi', 'RZZCHR21A54C573M', 'Chiara.Rizzi@gmail.com', 'vqiwgahv'),
( 'Beatrice', 'Caruso', 'CRSBRC84L59C573X', 'Beatrice.Caruso@gmail.com', 'woevmdoy'),
( 'Damiano', 'Serra', 'SRRDMN18R25C573B', 'Damiano.Serra@gmail.com', 'vqlrgzia'),
( 'Alessia', 'Neri', 'NRELSS10P48C573M', 'Alessia.Neri@outlook.com', 'pmsmtgpa'),
( 'Sofia', 'Pace', 'PCASFO87C47C573C', 'Sofia.Pace@outlook.com', 'bwdxmzda'),
( 'Gabriele', 'Rossi', 'RSSGRL72S16C573J', 'Gabriele.Rossi@gmail.com', 'wfurywyb'),
( 'Gabriel', 'Bruno', 'BRNGRL87H03C573L', 'Gabriel.Bruno@outlook.com', 'hywbhcnw'),
( 'Leonardo', 'Ferri', 'FRRLRD32M09C573H', 'Leonardo.Ferri@outlook.com', 'acjfhysr'),
( 'Diana', 'Caruso', 'CRSDNI99D52C573L', 'Diana.Caruso@outlook.com', 'ybgwmkko'),
( 'Giorgia', 'Mancini', 'MNCGRG09L61C573B', 'Giorgia.Mancini@gmail.com', 'szwvpuqd'),
( 'Elia', 'Pellegrini', 'PLLLEI37M23C573M', 'Elia.Pellegrini@outlook.com', 'puowltea'),
