use compagnia_aerea;

insert into SEDILE values 
('01A'),('01B'),('01C'),('01D'),('01E'),('01F'),
('02A'),('02B'),('02C'),('02D'),('02E'),('02F'),
('03A'),('03B'),('03C'),('03D'),('03E'),('03F'),
('04A'),('04B'),('04C'),('04D'),('04E'),('04F'),
('05A'),('05B'),('05C'),('05D'),('05E'),('05F'),
('06A'),('06B'),('06C'),('06D'),('06E'),('06F'),
('07A'),('07B'),('07C'),('07D'),('07E'),('07F'),
('08A'),('08B'),('08C'),('08D'),('08E'),('08F'),
('09A'),('09B'),('09C'),('09D'),('09E'),('09F'),
('10A'),('10B'),('10C'),('10D'),('10E'),('10F'),
('11A'),('11B'),('11C'),('11D'),('11E'),('11F'),
('12A'),('12B'),('12C'),('12D'),('12E'),('12F'),
('13A'),('13B'),('13C'),('13D'),('13E'),('13F'),
('14A'),('14B'),('14C'),('14D'),('14E'),('14F'),
('15A'),('15B'),('15C'),('15D'),('15E'),('15F'),
('16A'),('16B'),('16C'),('16D'),('16E'),('16F'),
('17A'),('17B'),('17C'),('17D'),('17E'),('17F'),
('18A'),('18B'),('18C'),('18D'),('18E'),('18F'),
('19A'),('19B'),('19C'),('19D'),('19E'),('19F'),
('20A'),('20B'),('20C'),('20D'),('20E'),('20F'),
('21A'),('21B'),('21C'),('21D'),('21E'),('21F'),
('22A'),('22B'),('22C'),('22D'),('22E'),('22F'),
('23A'),('23B'),('23C'),('23D'),('23E'),('23F'),
('24A'),('24B'),('24C'),('24D'),('24E'),('24F'),
('25A'),('25B'),('25C'),('25D'),('25E'),('25F'),
('26A'),('26B'),('26C'),('26D'),('26E'),('26F'),
('27A'),('27B'),('27C'),('27D'),('27E'),('27F'),
('28A'),('28B'),('28C'),('28D'),('28E'),('28F'),
('29A'),('29B'),('29C'),('29D'),('29E'),('29F'),
('30A'),('30B'),('30C'),('30D'),('30E'),('30F'),
('31A'),('31B'),('31C'),('31D'),('31E'),('31F'),
('32A'),('32B'),('32C'),('32D'),('32E'),('32F'),
('33A'),('33B'),('33C'),('33D'),('33E'),('33F'),
('34A'),('34B'),('34C'),('34D'),('34E'),('34F'),
('35A'),('35B'),('35C'),('35D'),('35E'),('35F');

insert into RUOLO values 
('Hostess', 'assistente di bordo, donna'),
('Steward', 'assistente di bordo, uomo'),
('Comandante', 'pilota di grado più elevato'),
('Primo ufficiale', 'pilota che assiste il comandante');

insert into PRODUTTORE values
('Boeing', 'industria aeronautica statunitense produttrice di velivoli sia per utilizzo civile, che militare.'),
('Airbus', 'azienda con sede nei Paesi Bassi, che opera nel settore aerospaziale e della difesa');

insert into MODELLO values
('Boeing', '737 MAX', 'modello di aeroplano a fusoliera stretta'),
('Boeing', '767', 'bimotore a getto di linea, con configurazione a fusoliera larga ed ala bassa'),
('Boeing', '777', 'aereo di linea a fusoliera larga a lungo raggio'),
('Airbus', 'A320', 'aerei a fusoliera stretta per il corto-medio raggio'),
('Airbus', 'A330', 'aereo di linea bimotore turboventola'),
('Airbus', 'A380', 'aereo di linea quadrimotore a doppio ponte');

insert into CLASSE values
('economica','una sola borsa a mano, servizio escluso, sedili con poco spazio per le gambe'),
('prima','imbarco prioritario, servizio incluso'),
('business','servizio incluso, poltrone spaziose');

insert into RAGGRUPPAMENTO values
('Boeing', '737 MAX', 'economica', 20.00),
('Boeing', '737 MAX', 'prima', 45.50),
('Boeing', '737 MAX', 'business', 100.00),
('Boeing', '767', 'economica', 25.00),
('Boeing', '767', 'prima', 50.50),
('Boeing', '767', 'business', 110.00),
('Boeing', '777', 'economica', 30.00),
('Boeing', '777', 'prima', 60.00),
('Boeing', '777', 'business', 115.00),
('Airbus', 'A320', 'economica', 15.00),
('Airbus', 'A320', 'prima', 40.00),
('Airbus', 'A320', 'business', 80.00),
('Airbus', 'A330', 'economica', 25.00),
('Airbus', 'A330', 'prima', 50.00),
('Airbus', 'A330', 'business', 105.00),
('Airbus', 'A380', 'economica', 40.00),
('Airbus', 'A380', 'prima', 65.00),
('Airbus', 'A380', 'business', 150.00);

insert into AEROPORTO values
('LIMC','MXP','Italia','Milano'),
('LIMF','TRN','Italia','Torino'),
('LIRF','FCO','Italia','Roma'),
('LIMJ','GOA','Italia','Genova'),
('LIPK','FRL','Italia','Forli'),
('LIRN','NAP','Italia','Napoli'),
('LICJ','PMO','Italia','Palermo'),
('LEMD','MAD','Spagna','Madrid'),
('LEBL','BCN','Spagna','Barcellona'),
('LFPG','CDG','Francia','Parigi'),
('LFBD','BOD','Francia','Bordeaux'),
('EGLL','LHR','Inghilterra','Londra'),
('EGBB','BHX','Inghilterra','Birmingham'),
('EDDB','BER','Germania','Berlino'),
('EDDK','CGN','Germania','Cologne'),
('EDDF','FRA','Germania','Francoforte'),
('LOWW','VIE','Austria','Vienna');

insert into AEROPLANO values
('Boeing','737 MAX', '1', true), ('Boeing','737 MAX', '2', true), ('Boeing','737 MAX', '3', false), ('Boeing','737 MAX', '4', false), ('Boeing','737 MAX', '5', true),
('Boeing','737 MAX', '6', true), ('Boeing','737 MAX', '7', true), ('Boeing','737 MAX', '8', false), ('Boeing','737 MAX', '9', false), ('Boeing','737 MAX', '10', true),
('Boeing', '767', '1', true), ('Boeing', '767', '2', true), ('Boeing', '767', '3', false), ('Boeing', '767', '4', false), ('Boeing', '767', '5', false),
('Boeing', '767', '6', true), ('Boeing', '767', '7', true), ('Boeing', '767', '8', false), ('Boeing', '767', '9', false), ('Boeing', '767', '10', false),
('Boeing', '777', '1', false), ('Boeing', '777', '2', false), ('Boeing', '777', '3', false), ('Boeing', '777', '4', false), ('Boeing', '777', '5', false),
('Boeing', '777', '6', false), ('Boeing', '777', '7', false), ('Boeing', '777', '8', false), ('Boeing', '777', '9', false), ('Boeing', '777', '10', false),
('Airbus', 'A320', '1', true), ('Airbus', 'A320', '2', true), ('Airbus', 'A320', '3', true), ('Airbus', 'A320', '4', true), ('Airbus', 'A320', '5', false),
('Airbus', 'A320', '6', true), ('Airbus', 'A320', '7', true), ('Airbus', 'A320', '8', true), ('Airbus', 'A320', '9', true), ('Airbus', 'A320', '10', false),
('Airbus', 'A330', '1', true), ('Airbus', 'A330', '2', true), ('Airbus', 'A330', '3', false), ('Airbus', 'A330', '4', true), ('Airbus', 'A330', '5', true),
('Airbus', 'A330', '6', true), ('Airbus', 'A330', '7', true), ('Airbus', 'A330', '8', false), ('Airbus', 'A330', '9', true), ('Airbus', 'A330', '10', true),
('Airbus', 'A380', '1', true), ('Airbus', 'A380', '2', false), ('Airbus', 'A380', '3', true), ('Airbus', 'A380', '4', true), ('Airbus', 'A380', '5', true),
('Airbus', 'A380', '6', true), ('Airbus', 'A380', '7', false), ('Airbus', 'A380', '8', true), ('Airbus', 'A380', '9', true), ('Airbus', 'A380', '10', true);

insert into POSTO values
( 'Boeing', '737 MAX', '01A', 5.00, 'economica'), ( 'Boeing', '737 MAX', '01B', 5.00, 'economica'), 
( 'Boeing', '737 MAX', '02A', null, 'economica'), ( 'Boeing', '737 MAX', '02B', null, 'economica'), 
( 'Boeing', '737 MAX', '03A', null, 'economica'), ( 'Boeing', '737 MAX', '03B', null, 'economica'), 
( 'Boeing', '737 MAX', '04A', null, 'economica'), ( 'Boeing', '737 MAX', '04B', null, 'economica'), 
( 'Boeing', '737 MAX', '05A', null, 'economica'), ( 'Boeing', '737 MAX', '05B', null, 'economica'), 
( 'Boeing', '737 MAX', '06A', null, 'economica'), ( 'Boeing', '737 MAX', '06B', null, 'economica'), 
( 'Boeing', '737 MAX', '07A', null, 'economica'), ( 'Boeing', '737 MAX', '07B', null, 'economica'), 
( 'Boeing', '737 MAX', '08A', null, 'economica'), ( 'Boeing', '737 MAX', '08B', null, 'economica'), 
( 'Boeing', '737 MAX', '09A', null, 'economica'), ( 'Boeing', '737 MAX', '09B', null, 'economica'), 
( 'Boeing', '737 MAX', '10A', 2.50, 'economica'), ( 'Boeing', '737 MAX', '10B', 2.50, 'economica'), 
( 'Boeing', '737 MAX', '11A', null, 'prima'),     ( 'Boeing', '737 MAX', '11B', null, 'prima'),     
( 'Boeing', '737 MAX', '12A', null, 'prima'),     ( 'Boeing', '737 MAX', '12B', null, 'prima'),     
( 'Boeing', '737 MAX', '13A', null, 'prima'),     ( 'Boeing', '737 MAX', '13B', null, 'prima'),     
( 'Boeing', '737 MAX', '14A', null, 'prima'),     ( 'Boeing', '737 MAX', '14B', null, 'prima'),     
( 'Boeing', '737 MAX', '15A', 9.50, 'prima'),     ( 'Boeing', '737 MAX', '15B', 9.50, 'prima'),     
( 'Boeing', '737 MAX', '16A', null, 'business'),  ( 'Boeing', '737 MAX', '16B', null, 'business'),  
( 'Boeing', '737 MAX', '17A', null, 'business'),  ( 'Boeing', '737 MAX', '17B', null, 'business'),  
( 'Boeing', '737 MAX', '18A', null, 'business'),  ( 'Boeing', '737 MAX', '18B', null, 'business'),  
( 'Boeing', '737 MAX', '19A', 25.00, 'business'), ( 'Boeing', '737 MAX', '19B', 25.00, 'business'), 
( 'Boeing', '737 MAX', '20A', 50.00, 'business'), ( 'Boeing', '737 MAX', '20B', 50.00, 'business'), 
( 'Boeing', '737 MAX', '01C', 5.00, 'economica'), ( 'Boeing', '737 MAX', '01D', 5.00, 'economica'),
( 'Boeing', '737 MAX', '02C', null, 'economica'), ( 'Boeing', '737 MAX', '02D', null, 'economica'),
( 'Boeing', '737 MAX', '03C', null, 'economica'), ( 'Boeing', '737 MAX', '03D', null, 'economica'),
( 'Boeing', '737 MAX', '04C', null, 'economica'), ( 'Boeing', '737 MAX', '04D', null, 'economica'),
( 'Boeing', '737 MAX', '05C', null, 'economica'), ( 'Boeing', '737 MAX', '05D', null, 'economica'),
( 'Boeing', '737 MAX', '06C', null, 'economica'), ( 'Boeing', '737 MAX', '06D', null, 'economica'),
( 'Boeing', '737 MAX', '07C', null, 'economica'), ( 'Boeing', '737 MAX', '07D', null, 'economica'),
( 'Boeing', '737 MAX', '08C', null, 'economica'), ( 'Boeing', '737 MAX', '08D', null, 'economica'),
( 'Boeing', '737 MAX', '09C', null, 'economica'), ( 'Boeing', '737 MAX', '09D', null, 'economica'),
( 'Boeing', '737 MAX', '10C', 2.50, 'economica'), ( 'Boeing', '737 MAX', '10D', 2.50, 'economica'),
( 'Boeing', '737 MAX', '11C', null, 'prima'),     ( 'Boeing', '737 MAX', '11D', null, 'prima'),
( 'Boeing', '737 MAX', '12C', null, 'prima'),     ( 'Boeing', '737 MAX', '12D', null, 'prima'),
( 'Boeing', '737 MAX', '13C', null, 'prima'),     ( 'Boeing', '737 MAX', '13D', null, 'prima'),
( 'Boeing', '737 MAX', '14C', null, 'prima'),     ( 'Boeing', '737 MAX', '14D', null, 'prima'),
( 'Boeing', '737 MAX', '15C', 9.50, 'prima'),     ( 'Boeing', '737 MAX', '15D', 9.50, 'prima'),
( 'Boeing', '737 MAX', '16C', null, 'business'),  ( 'Boeing', '737 MAX', '16D', null, 'business'),
( 'Boeing', '737 MAX', '17C', null, 'business'),  ( 'Boeing', '737 MAX', '17D', null, 'business'),
( 'Boeing', '737 MAX', '18C', null, 'business'),  ( 'Boeing', '737 MAX', '18D', null, 'business'),
( 'Boeing', '737 MAX', '19C', 25.00, 'business'), ( 'Boeing', '737 MAX', '19D', 25.00, 'business'),
( 'Boeing', '737 MAX', '20C', 50.00, 'business'), ( 'Boeing', '737 MAX', '20D', 50.00, 'business'),
( 'Boeing', '767', '01A', null, 'economica'), ( 'Boeing', '767', '01B', null, 'economica'), 
( 'Boeing', '767', '02A', null, 'economica'), ( 'Boeing', '767', '02B', null, 'economica'), 
( 'Boeing', '767', '03A', null, 'economica'), ( 'Boeing', '767', '03B', null, 'economica'), 
( 'Boeing', '767', '04A', null, 'economica'), ( 'Boeing', '767', '04B', null, 'economica'), 
( 'Boeing', '767', '05A', null, 'economica'), ( 'Boeing', '767', '05B', null, 'economica'), 
( 'Boeing', '767', '06A', null, 'economica'), ( 'Boeing', '767', '06B', null, 'economica'), 
( 'Boeing', '767', '07A', null, 'economica'), ( 'Boeing', '767', '07B', null, 'economica'), 
( 'Boeing', '767', '08A', null, 'economica'), ( 'Boeing', '767', '08B', null, 'economica'), 
( 'Boeing', '767', '09A', null, 'economica'), ( 'Boeing', '767', '09B', null, 'economica'), 
( 'Boeing', '767', '10A', 2.50, 'economica'), ( 'Boeing', '767', '10B', 2.50, 'economica'), 
( 'Boeing', '767', '11A', null, 'economica'), ( 'Boeing', '767', '11B', null, 'economica'),     
( 'Boeing', '767', '12A', null, 'prima'),     ( 'Boeing', '767', '12B', null, 'prima'),     
( 'Boeing', '767', '13A', null, 'prima'),     ( 'Boeing', '767', '13B', null, 'prima'),     
( 'Boeing', '767', '14A', null, 'prima'),     ( 'Boeing', '767', '14B', null, 'prima'),     
( 'Boeing', '767', '15A', 9.50, 'prima'),     ( 'Boeing', '767', '15B', 9.50, 'prima'),     
( 'Boeing', '767', '16A', null, 'prima'),     ( 'Boeing', '767', '16B', null, 'prima'),  
( 'Boeing', '767', '17A', null, 'prima'),     ( 'Boeing', '767', '17B', null, 'prima'),  
( 'Boeing', '767', '18A', null, 'business'),  ( 'Boeing', '767', '18B', null, 'business'),  
( 'Boeing', '767', '19A', 25.00, 'business'), ( 'Boeing', '767', '19B', 25.00, 'business'), 
( 'Boeing', '767', '20A', 50.00, 'business'), ( 'Boeing', '767', '20B', 50.00, 'business'), 
( 'Boeing', '767', '01C', null, 'economica'), ( 'Boeing', '767', '01D', null, 'economica'),
( 'Boeing', '767', '02C', null, 'economica'), ( 'Boeing', '767', '02D', null, 'economica'),
( 'Boeing', '767', '03C', null, 'economica'), ( 'Boeing', '767', '03D', null, 'economica'),
( 'Boeing', '767', '04C', null, 'economica'), ( 'Boeing', '767', '04D', null, 'economica'),
( 'Boeing', '767', '05C', null, 'economica'), ( 'Boeing', '767', '05D', null, 'economica'),
( 'Boeing', '767', '06C', null, 'economica'), ( 'Boeing', '767', '06D', null, 'economica'),
( 'Boeing', '767', '07C', null, 'economica'), ( 'Boeing', '767', '07D', null, 'economica'),
( 'Boeing', '767', '08C', null, 'economica'), ( 'Boeing', '767', '08D', null, 'economica'),
( 'Boeing', '767', '09C', null, 'economica'), ( 'Boeing', '767', '09D', null, 'economica'),
( 'Boeing', '767', '10C', 2.50, 'economica'), ( 'Boeing', '767', '10D', 2.50, 'economica'),
( 'Boeing', '767', '11C', null, 'economica'), ( 'Boeing', '767', '11D', null, 'economica'),
( 'Boeing', '767', '12C', null, 'prima'),     ( 'Boeing', '767', '12D', null, 'prima'),
( 'Boeing', '767', '13C', null, 'prima'),     ( 'Boeing', '767', '13D', null, 'prima'),
( 'Boeing', '767', '14C', null, 'prima'),     ( 'Boeing', '767', '14D', null, 'prima'),
( 'Boeing', '767', '15C', 9.50, 'prima'),     ( 'Boeing', '767', '15D', 9.50, 'prima'),
( 'Boeing', '767', '16C', null, 'prima'),     ( 'Boeing', '767', '16D', null, 'prima'),
( 'Boeing', '767', '17C', null, 'prima'),     ( 'Boeing', '767', '17D', null, 'prima'),
( 'Boeing', '767', '18C', null, 'business'),  ( 'Boeing', '767', '18D', null, 'business'),
( 'Boeing', '767', '19C', 25.00, 'business'), ( 'Boeing', '767', '19D', 25.00, 'business'),
( 'Boeing', '767', '20C', 50.00, 'business'), ( 'Boeing', '767', '20D', 50.00, 'business'),
( 'Boeing', '777', '01A', null, 'economica'), ( 'Boeing', '777', '01B', null, 'economica'),  ( 'Boeing', '777', '01C', null, 'economica'),
( 'Boeing', '777', '02A', null, 'economica'), ( 'Boeing', '777', '02B', null, 'economica'),  ( 'Boeing', '777', '02C', null, 'economica'),
( 'Boeing', '777', '03A', null, 'economica'), ( 'Boeing', '777', '03B', null, 'economica'),  ( 'Boeing', '777', '03C', null, 'economica'),
( 'Boeing', '777', '04A', null, 'economica'), ( 'Boeing', '777', '04B', null, 'economica'),  ( 'Boeing', '777', '04C', null, 'economica'),
( 'Boeing', '777', '05A', null, 'economica'), ( 'Boeing', '777', '05B', null, 'economica'),  ( 'Boeing', '777', '05C', null, 'economica'),
( 'Boeing', '777', '06A', null, 'economica'), ( 'Boeing', '777', '06B', null, 'economica'),  ( 'Boeing', '777', '06C', null, 'economica'),
( 'Boeing', '777', '07A', null, 'economica'), ( 'Boeing', '777', '07B', null, 'economica'),  ( 'Boeing', '777', '07C', null, 'economica'),
( 'Boeing', '777', '08A', null, 'economica'), ( 'Boeing', '777', '08B', null, 'economica'),  ( 'Boeing', '777', '08C', null, 'economica'),
( 'Boeing', '777', '09A', null, 'economica'), ( 'Boeing', '777', '09B', null, 'economica'),  ( 'Boeing', '777', '09C', null, 'economica'),
( 'Boeing', '777', '10A', null, 'economica'), ( 'Boeing', '777', '10B', null, 'economica'),  ( 'Boeing', '777', '10C', null, 'economica'),
( 'Boeing', '777', '11A', null, 'economica'), ( 'Boeing', '777', '11B', null, 'economica'),  ( 'Boeing', '777', '11C', null, 'economica'),
( 'Boeing', '777', '12A', null, 'economica'), ( 'Boeing', '777', '12B', null, 'economica'),  ( 'Boeing', '777', '12C', null, 'economica'),
( 'Boeing', '777', '13A', 10.5, 'economica'), ( 'Boeing', '777', '13B', 10.5, 'economica'),  ( 'Boeing', '777', '13C', 10.5, 'economica'),
( 'Boeing', '777', '14A', null, 'economica'), ( 'Boeing', '777', '14B', null, 'economica'),  ( 'Boeing', '777', '14C', null, 'economica'),
( 'Boeing', '777', '15A', null, 'economica'), ( 'Boeing', '777', '15B', null, 'economica'),  ( 'Boeing', '777', '15C', null, 'economica'),
( 'Boeing', '777', '16A', null, 'economica'), ( 'Boeing', '777', '16B', null, 'economica'),  ( 'Boeing', '777', '16C', null, 'economica'),
( 'Boeing', '777', '17A', null, 'economica'), ( 'Boeing', '777', '17B', null, 'economica'),  ( 'Boeing', '777', '17C', null, 'economica'),
( 'Boeing', '777', '18A', null, 'economica'), ( 'Boeing', '777', '18B', null, 'economica'),  ( 'Boeing', '777', '18C', null, 'economica'),
( 'Boeing', '777', '19A', null, 'economica'), ( 'Boeing', '777', '19B', null, 'economica'),  ( 'Boeing', '777', '19C', null, 'economica'),
( 'Boeing', '777', '20A', null, 'economica'), ( 'Boeing', '777', '20B', null, 'economica'),  ( 'Boeing', '777', '20C', null, 'economica'),
( 'Boeing', '777', '21A', null, 'prima'),     ( 'Boeing', '777', '21B', null, 'prima'),      ( 'Boeing', '777', '21C', null, 'prima'),
( 'Boeing', '777', '22A', null, 'prima'),     ( 'Boeing', '777', '22B', null, 'prima'),      ( 'Boeing', '777', '22C', null, 'prima'),
( 'Boeing', '777', '23A', null, 'prima'),     ( 'Boeing', '777', '23B', null, 'prima'),      ( 'Boeing', '777', '23C', null, 'prima'),
( 'Boeing', '777', '24A', null, 'prima'),     ( 'Boeing', '777', '24B', null, 'prima'),      ( 'Boeing', '777', '24C', null, 'prima'),
( 'Boeing', '777', '25A', null, 'prima'),     ( 'Boeing', '777', '25B', null, 'prima'),      ( 'Boeing', '777', '25C', null, 'prima'),
( 'Boeing', '777', '26A', null, 'prima'),     ( 'Boeing', '777', '26B', null, 'prima'),      ( 'Boeing', '777', '26C', null, 'prima'),
( 'Boeing', '777', '27A', null, 'prima'),     ( 'Boeing', '777', '27B', null, 'prima'),      ( 'Boeing', '777', '27C', null, 'prima'),
( 'Boeing', '777', '28A', null, 'prima'),     ( 'Boeing', '777', '28B', null, 'prima'),      ( 'Boeing', '777', '28C', null, 'prima'),
( 'Boeing', '777', '29A', null, 'prima'),     ( 'Boeing', '777', '29B', null, 'prima'),      ( 'Boeing', '777', '29C', null, 'prima'),
( 'Boeing', '777', '30A', 12.5, 'prima'),     ( 'Boeing', '777', '30B', 12.5, 'prima'),      ( 'Boeing', '777', '30C', 12.5, 'prima'),
( 'Boeing', '777', '31A', null, 'business'),  ( 'Boeing', '777', '31B', null, 'business'),   ( 'Boeing', '777', '31C', null, 'business'),
( 'Boeing', '777', '32A', null, 'business'),  ( 'Boeing', '777', '32B', null, 'business'),   ( 'Boeing', '777', '32C', null, 'business'),
( 'Boeing', '777', '33A', 25, 'business'),    ( 'Boeing', '777', '33B', 25, 'business'),     ( 'Boeing', '777', '33C', 25, 'business'),
( 'Boeing', '777', '34A', 50, 'business'),    ( 'Boeing', '777', '34B', 50, 'business'),     ( 'Boeing', '777', '34C', 50, 'business'),
( 'Boeing', '777', '35A', 100, 'business'),   ( 'Boeing', '777', '35B', 100, 'business'),    ( 'Boeing', '777', '35C', 100, 'business'),
( 'Boeing', '777', '01D', null, 'economica'), ( 'Boeing', '777', '01E', null, 'economica'),  ( 'Boeing', '777', '01F', null, 'economica'),
( 'Boeing', '777', '02D', null, 'economica'), ( 'Boeing', '777', '02E', null, 'economica'),  ( 'Boeing', '777', '02F', null, 'economica'),
( 'Boeing', '777', '03D', null, 'economica'), ( 'Boeing', '777', '03E', null, 'economica'),  ( 'Boeing', '777', '03F', null, 'economica'),
( 'Boeing', '777', '04D', null, 'economica'), ( 'Boeing', '777', '04E', null, 'economica'),  ( 'Boeing', '777', '04F', null, 'economica'),
( 'Boeing', '777', '05D', null, 'economica'), ( 'Boeing', '777', '05E', null, 'economica'),  ( 'Boeing', '777', '05F', null, 'economica'),
( 'Boeing', '777', '06D', null, 'economica'), ( 'Boeing', '777', '06E', null, 'economica'),  ( 'Boeing', '777', '06F', null, 'economica'),
( 'Boeing', '777', '07D', null, 'economica'), ( 'Boeing', '777', '07E', null, 'economica'),  ( 'Boeing', '777', '07F', null, 'economica'),
( 'Boeing', '777', '08D', null, 'economica'), ( 'Boeing', '777', '08E', null, 'economica'),  ( 'Boeing', '777', '08F', null, 'economica'),
( 'Boeing', '777', '09D', null, 'economica'), ( 'Boeing', '777', '09E', null, 'economica'),  ( 'Boeing', '777', '09F', null, 'economica'),
( 'Boeing', '777', '10D', null, 'economica'), ( 'Boeing', '777', '10E', null, 'economica'),  ( 'Boeing', '777', '10F', null, 'economica'),
( 'Boeing', '777', '11D', null, 'economica'), ( 'Boeing', '777', '11E', null, 'economica'),  ( 'Boeing', '777', '11F', null, 'economica'),
( 'Boeing', '777', '12D', null, 'economica'), ( 'Boeing', '777', '12E', null, 'economica'),  ( 'Boeing', '777', '12F', null, 'economica'),
( 'Boeing', '777', '13D', 10.5, 'economica'), ( 'Boeing', '777', '13E', 10.5, 'economica'),  ( 'Boeing', '777', '13F', 10.5, 'economica'),
( 'Boeing', '777', '14D', null, 'economica'), ( 'Boeing', '777', '14E', null, 'economica'),  ( 'Boeing', '777', '14F', null, 'economica'),
( 'Boeing', '777', '15D', null, 'economica'), ( 'Boeing', '777', '15E', null, 'economica'),  ( 'Boeing', '777', '15F', null, 'economica'),
( 'Boeing', '777', '16D', null, 'economica'), ( 'Boeing', '777', '16E', null, 'economica'),  ( 'Boeing', '777', '16F', null, 'economica'),
( 'Boeing', '777', '17D', null, 'economica'), ( 'Boeing', '777', '17E', null, 'economica'),  ( 'Boeing', '777', '17F', null, 'economica'),
( 'Boeing', '777', '18D', null, 'economica'), ( 'Boeing', '777', '18E', null, 'economica'),  ( 'Boeing', '777', '18F', null, 'economica'),
( 'Boeing', '777', '19D', null, 'economica'), ( 'Boeing', '777', '19E', null, 'economica'),  ( 'Boeing', '777', '19F', null, 'economica'),
( 'Boeing', '777', '20D', null, 'economica'), ( 'Boeing', '777', '20E', null, 'economica'),  ( 'Boeing', '777', '20F', null, 'economica'),
( 'Boeing', '777', '21D', null, 'prima'),     ( 'Boeing', '777', '21E', null, 'prima'),      ( 'Boeing', '777', '21F', null, 'prima'),
( 'Boeing', '777', '22D', null, 'prima'),     ( 'Boeing', '777', '22E', null, 'prima'),      ( 'Boeing', '777', '22F', null, 'prima'),
( 'Boeing', '777', '23D', null, 'prima'),     ( 'Boeing', '777', '23E', null, 'prima'),      ( 'Boeing', '777', '23F', null, 'prima'),
( 'Boeing', '777', '24D', null, 'prima'),     ( 'Boeing', '777', '24E', null, 'prima'),      ( 'Boeing', '777', '24F', null, 'prima'),
( 'Boeing', '777', '25D', null, 'prima'),     ( 'Boeing', '777', '25E', null, 'prima'),      ( 'Boeing', '777', '25F', null, 'prima'),
( 'Boeing', '777', '26D', null, 'prima'),     ( 'Boeing', '777', '26E', null, 'prima'),      ( 'Boeing', '777', '26F', null, 'prima'),
( 'Boeing', '777', '27D', null, 'prima'),     ( 'Boeing', '777', '27E', null, 'prima'),      ( 'Boeing', '777', '27F', null, 'prima'),
( 'Boeing', '777', '28D', null, 'prima'),     ( 'Boeing', '777', '28E', null, 'prima'),      ( 'Boeing', '777', '28F', null, 'prima'),
( 'Boeing', '777', '29D', null, 'prima'),     ( 'Boeing', '777', '29E', null, 'prima'),      ( 'Boeing', '777', '29F', null, 'prima'),
( 'Boeing', '777', '30D', 12.5, 'prima'),     ( 'Boeing', '777', '30E', 12.5, 'prima'),      ( 'Boeing', '777', '30F', 12.5, 'prima'),
( 'Boeing', '777', '31D', null, 'business'),  ( 'Boeing', '777', '31E', null, 'business'),   ( 'Boeing', '777', '31F', null, 'business'),
( 'Boeing', '777', '32D', null, 'business'),  ( 'Boeing', '777', '32E', null, 'business'),   ( 'Boeing', '777', '32F', null, 'business'),
( 'Boeing', '777', '33D', 25, 'business'),    ( 'Boeing', '777', '33E', 25, 'business'),     ( 'Boeing', '777', '33F', 25, 'business'),
( 'Boeing', '777', '34D', 50, 'business'),    ( 'Boeing', '777', '34E', 50, 'business'),     ( 'Boeing', '777', '34F', 50, 'business'),
( 'Boeing', '777', '35D', 100, 'business'),   ( 'Boeing', '777', '35E', 100, 'business'),    ( 'Boeing', '777', '35F', 100, 'business'),
( 'Airbus', 'A320', '01A', 5.00, 'economica'), ( 'Airbus', 'A320', '01B', 5.00, 'economica'), 
( 'Airbus', 'A320', '02A', null, 'economica'), ( 'Airbus', 'A320', '02B', null, 'economica'), 
( 'Airbus', 'A320', '03A', null, 'economica'), ( 'Airbus', 'A320', '03B', null, 'economica'), 
( 'Airbus', 'A320', '04A', null, 'economica'), ( 'Airbus', 'A320', '04B', null, 'economica'), 
( 'Airbus', 'A320', '05A', null, 'economica'), ( 'Airbus', 'A320', '05B', null, 'economica'), 
( 'Airbus', 'A320', '06A', null, 'economica'), ( 'Airbus', 'A320', '06B', null, 'economica'), 
( 'Airbus', 'A320', '07A', null, 'economica'), ( 'Airbus', 'A320', '07B', null, 'economica'), 
( 'Airbus', 'A320', '08A', null, 'economica'), ( 'Airbus', 'A320', '08B', null, 'economica'), 
( 'Airbus', 'A320', '09A', null, 'economica'), ( 'Airbus', 'A320', '09B', null, 'economica'), 
( 'Airbus', 'A320', '10A', 2.50, 'economica'), ( 'Airbus', 'A320', '10B', 2.50, 'economica'), 
( 'Airbus', 'A320', '11A', null, 'prima'),     ( 'Airbus', 'A320', '11B', null, 'prima'),     
( 'Airbus', 'A320', '12A', null, 'prima'),     ( 'Airbus', 'A320', '12B', null, 'prima'),     
( 'Airbus', 'A320', '13A', null, 'prima'),     ( 'Airbus', 'A320', '13B', null, 'prima'),     
( 'Airbus', 'A320', '14A', null, 'prima'),     ( 'Airbus', 'A320', '14B', null, 'prima'),     
( 'Airbus', 'A320', '15A', 9.50, 'prima'),     ( 'Airbus', 'A320', '15B', 9.50, 'prima'),     
( 'Airbus', 'A320', '16A', null, 'business'),  ( 'Airbus', 'A320', '16B', null, 'business'),  
( 'Airbus', 'A320', '17A', null, 'business'),  ( 'Airbus', 'A320', '17B', null, 'business'),  
( 'Airbus', 'A320', '18A', null, 'business'),  ( 'Airbus', 'A320', '18B', null, 'business'),  
( 'Airbus', 'A320', '19A', 25.00, 'business'), ( 'Airbus', 'A320', '19B', 25.00, 'business'), 
( 'Airbus', 'A320', '20A', 50.00, 'business'), ( 'Airbus', 'A320', '20B', 50.00, 'business'), 
( 'Airbus', 'A320', '01C', 5.00, 'economica'), ( 'Airbus', 'A320', '01D', 5.00, 'economica'),
( 'Airbus', 'A320', '02C', null, 'economica'), ( 'Airbus', 'A320', '02D', null, 'economica'),
( 'Airbus', 'A320', '03C', null, 'economica'), ( 'Airbus', 'A320', '03D', null, 'economica'),
( 'Airbus', 'A320', '04C', null, 'economica'), ( 'Airbus', 'A320', '04D', null, 'economica'),
( 'Airbus', 'A320', '05C', null, 'economica'), ( 'Airbus', 'A320', '05D', null, 'economica'),
( 'Airbus', 'A320', '06C', null, 'economica'), ( 'Airbus', 'A320', '06D', null, 'economica'),
( 'Airbus', 'A320', '07C', null, 'economica'), ( 'Airbus', 'A320', '07D', null, 'economica'),
( 'Airbus', 'A320', '08C', null, 'economica'), ( 'Airbus', 'A320', '08D', null, 'economica'),
( 'Airbus', 'A320', '09C', null, 'economica'), ( 'Airbus', 'A320', '09D', null, 'economica'),
( 'Airbus', 'A320', '10C', 2.50, 'economica'), ( 'Airbus', 'A320', '10D', 2.50, 'economica'),
( 'Airbus', 'A320', '11C', null, 'prima'),     ( 'Airbus', 'A320', '11D', null, 'prima'),
( 'Airbus', 'A320', '12C', null, 'prima'),     ( 'Airbus', 'A320', '12D', null, 'prima'),
( 'Airbus', 'A320', '13C', null, 'prima'),     ( 'Airbus', 'A320', '13D', null, 'prima'),
( 'Airbus', 'A320', '14C', null, 'prima'),     ( 'Airbus', 'A320', '14D', null, 'prima'),
( 'Airbus', 'A320', '15C', 9.50, 'prima'),     ( 'Airbus', 'A320', '15D', 9.50, 'prima'),
( 'Airbus', 'A320', '16C', null, 'business'),  ( 'Airbus', 'A320', '16D', null, 'business'),
( 'Airbus', 'A320', '17C', null, 'business'),  ( 'Airbus', 'A320', '17D', null, 'business'),
( 'Airbus', 'A320', '18C', null, 'business'),  ( 'Airbus', 'A320', '18D', null, 'business'),
( 'Airbus', 'A320', '19C', 25.00, 'business'), ( 'Airbus', 'A320', '19D', 25.00, 'business'),
( 'Airbus', 'A320', '20C', 50.00, 'business'), ( 'Airbus', 'A320', '20D', 50.00, 'business'),
( 'Airbus', 'A330', '01A', null, 'economica'), ( 'Airbus', 'A330', '01B', null, 'economica'), 
( 'Airbus', 'A330', '02A', null, 'economica'), ( 'Airbus', 'A330', '02B', null, 'economica'), 
( 'Airbus', 'A330', '03A', null, 'economica'), ( 'Airbus', 'A330', '03B', null, 'economica'), 
( 'Airbus', 'A330', '04A', null, 'economica'), ( 'Airbus', 'A330', '04B', null, 'economica'), 
( 'Airbus', 'A330', '05A', null, 'economica'), ( 'Airbus', 'A330', '05B', null, 'economica'), 
( 'Airbus', 'A330', '06A', null, 'economica'), ( 'Airbus', 'A330', '06B', null, 'economica'), 
( 'Airbus', 'A330', '07A', null, 'economica'), ( 'Airbus', 'A330', '07B', null, 'economica'), 
( 'Airbus', 'A330', '08A', null, 'economica'), ( 'Airbus', 'A330', '08B', null, 'economica'), 
( 'Airbus', 'A330', '09A', null, 'economica'), ( 'Airbus', 'A330', '09B', null, 'economica'), 
( 'Airbus', 'A330', '10A', 2.50, 'economica'), ( 'Airbus', 'A330', '10B', 2.50, 'economica'), 
( 'Airbus', 'A330', '11A', null, 'economica'), ( 'Airbus', 'A330', '11B', null, 'economica'),     
( 'Airbus', 'A330', '12A', null, 'prima'),     ( 'Airbus', 'A330', '12B', null, 'prima'),     
( 'Airbus', 'A330', '13A', null, 'prima'),     ( 'Airbus', 'A330', '13B', null, 'prima'),     
( 'Airbus', 'A330', '14A', null, 'prima'),     ( 'Airbus', 'A330', '14B', null, 'prima'),     
( 'Airbus', 'A330', '15A', 9.50, 'prima'),     ( 'Airbus', 'A330', '15B', 9.50, 'prima'),     
( 'Airbus', 'A330', '16A', null, 'prima'),     ( 'Airbus', 'A330', '16B', null, 'prima'),  
( 'Airbus', 'A330', '17A', null, 'prima'),     ( 'Airbus', 'A330', '17B', null, 'prima'),  
( 'Airbus', 'A330', '18A', null, 'business'),  ( 'Airbus', 'A330', '18B', null, 'business'),  
( 'Airbus', 'A330', '19A', 25.00, 'business'), ( 'Airbus', 'A330', '19B', 25.00, 'business'), 
( 'Airbus', 'A330', '20A', 50.00, 'business'), ( 'Airbus', 'A330', '20B', 50.00, 'business'), 
( 'Airbus', 'A330', '01C', null, 'economica'), ( 'Airbus', 'A330', '01D', null, 'economica'),
( 'Airbus', 'A330', '02C', null, 'economica'), ( 'Airbus', 'A330', '02D', null, 'economica'),
( 'Airbus', 'A330', '03C', null, 'economica'), ( 'Airbus', 'A330', '03D', null, 'economica'),
( 'Airbus', 'A330', '04C', null, 'economica'), ( 'Airbus', 'A330', '04D', null, 'economica'),
( 'Airbus', 'A330', '05C', null, 'economica'), ( 'Airbus', 'A330', '05D', null, 'economica'),
( 'Airbus', 'A330', '06C', null, 'economica'), ( 'Airbus', 'A330', '06D', null, 'economica'),
( 'Airbus', 'A330', '07C', null, 'economica'), ( 'Airbus', 'A330', '07D', null, 'economica'),
( 'Airbus', 'A330', '08C', null, 'economica'), ( 'Airbus', 'A330', '08D', null, 'economica'),
( 'Airbus', 'A330', '09C', null, 'economica'), ( 'Airbus', 'A330', '09D', null, 'economica'),
( 'Airbus', 'A330', '10C', 2.50, 'economica'), ( 'Airbus', 'A330', '10D', 2.50, 'economica'),
( 'Airbus', 'A330', '11C', null, 'economica'), ( 'Airbus', 'A330', '11D', null, 'economica'),
( 'Airbus', 'A330', '12C', null, 'prima'),     ( 'Airbus', 'A330', '12D', null, 'prima'),
( 'Airbus', 'A330', '13C', null, 'prima'),     ( 'Airbus', 'A330', '13D', null, 'prima'),
( 'Airbus', 'A330', '14C', null, 'prima'),     ( 'Airbus', 'A330', '14D', null, 'prima'),
( 'Airbus', 'A330', '15C', 9.50, 'prima'),     ( 'Airbus', 'A330', '15D', 9.50, 'prima'),
( 'Airbus', 'A330', '16C', null, 'prima'),     ( 'Airbus', 'A330', '16D', null, 'prima'),
( 'Airbus', 'A330', '17C', null, 'prima'),     ( 'Airbus', 'A330', '17D', null, 'prima'),
( 'Airbus', 'A330', '18C', null, 'business'),  ( 'Airbus', 'A330', '18D', null, 'business'),
( 'Airbus', 'A330', '19C', 25.00, 'business'), ( 'Airbus', 'A330', '19D', 25.00, 'business'),
( 'Airbus', 'A330', '20C', 50.00, 'business'), ( 'Airbus', 'A330', '20D', 50.00, 'business'),
( 'Airbus', 'A380', '01A', null, 'economica'), ( 'Airbus', 'A380', '01B', null, 'economica'),  ( 'Airbus', 'A380', '01C', null, 'economica'),
( 'Airbus', 'A380', '02A', null, 'economica'), ( 'Airbus', 'A380', '02B', null, 'economica'),  ( 'Airbus', 'A380', '02C', null, 'economica'),
( 'Airbus', 'A380', '03A', null, 'economica'), ( 'Airbus', 'A380', '03B', null, 'economica'),  ( 'Airbus', 'A380', '03C', null, 'economica'),
( 'Airbus', 'A380', '04A', null, 'economica'), ( 'Airbus', 'A380', '04B', null, 'economica'),  ( 'Airbus', 'A380', '04C', null, 'economica'),
( 'Airbus', 'A380', '05A', null, 'economica'), ( 'Airbus', 'A380', '05B', null, 'economica'),  ( 'Airbus', 'A380', '05C', null, 'economica'),
( 'Airbus', 'A380', '06A', null, 'economica'), ( 'Airbus', 'A380', '06B', null, 'economica'),  ( 'Airbus', 'A380', '06C', null, 'economica'),
( 'Airbus', 'A380', '07A', null, 'economica'), ( 'Airbus', 'A380', '07B', null, 'economica'),  ( 'Airbus', 'A380', '07C', null, 'economica'),
( 'Airbus', 'A380', '08A', null, 'economica'), ( 'Airbus', 'A380', '08B', null, 'economica'),  ( 'Airbus', 'A380', '08C', null, 'economica'),
( 'Airbus', 'A380', '09A', null, 'economica'), ( 'Airbus', 'A380', '09B', null, 'economica'),  ( 'Airbus', 'A380', '09C', null, 'economica'),
( 'Airbus', 'A380', '10A', null, 'economica'), ( 'Airbus', 'A380', '10B', null, 'economica'),  ( 'Airbus', 'A380', '10C', null, 'economica'),
( 'Airbus', 'A380', '11A', null, 'economica'), ( 'Airbus', 'A380', '11B', null, 'economica'),  ( 'Airbus', 'A380', '11C', null, 'economica'),
( 'Airbus', 'A380', '12A', null, 'economica'), ( 'Airbus', 'A380', '12B', null, 'economica'),  ( 'Airbus', 'A380', '12C', null, 'economica'),
( 'Airbus', 'A380', '13A', 10.5, 'economica'), ( 'Airbus', 'A380', '13B', 10.5, 'economica'),  ( 'Airbus', 'A380', '13C', 10.5, 'economica'),
( 'Airbus', 'A380', '14A', null, 'economica'), ( 'Airbus', 'A380', '14B', null, 'economica'),  ( 'Airbus', 'A380', '14C', null, 'economica'),
( 'Airbus', 'A380', '15A', null, 'economica'), ( 'Airbus', 'A380', '15B', null, 'economica'),  ( 'Airbus', 'A380', '15C', null, 'economica'),
( 'Airbus', 'A380', '16A', null, 'economica'), ( 'Airbus', 'A380', '16B', null, 'economica'),  ( 'Airbus', 'A380', '16C', null, 'economica'),
( 'Airbus', 'A380', '17A', null, 'economica'), ( 'Airbus', 'A380', '17B', null, 'economica'),  ( 'Airbus', 'A380', '17C', null, 'economica'),
( 'Airbus', 'A380', '18A', null, 'economica'), ( 'Airbus', 'A380', '18B', null, 'economica'),  ( 'Airbus', 'A380', '18C', null, 'economica'),
( 'Airbus', 'A380', '19A', null, 'economica'), ( 'Airbus', 'A380', '19B', null, 'economica'),  ( 'Airbus', 'A380', '19C', null, 'economica'),
( 'Airbus', 'A380', '20A', null, 'economica'), ( 'Airbus', 'A380', '20B', null, 'economica'),  ( 'Airbus', 'A380', '20C', null, 'economica'),
( 'Airbus', 'A380', '21A', null, 'prima'),     ( 'Airbus', 'A380', '21B', null, 'prima'),      ( 'Airbus', 'A380', '21C', null, 'prima'),
( 'Airbus', 'A380', '22A', null, 'prima'),     ( 'Airbus', 'A380', '22B', null, 'prima'),      ( 'Airbus', 'A380', '22C', null, 'prima'),
( 'Airbus', 'A380', '23A', null, 'prima'),     ( 'Airbus', 'A380', '23B', null, 'prima'),      ( 'Airbus', 'A380', '23C', null, 'prima'),
( 'Airbus', 'A380', '24A', null, 'prima'),     ( 'Airbus', 'A380', '24B', null, 'prima'),      ( 'Airbus', 'A380', '24C', null, 'prima'),
( 'Airbus', 'A380', '25A', null, 'prima'),     ( 'Airbus', 'A380', '25B', null, 'prima'),      ( 'Airbus', 'A380', '25C', null, 'prima'),
( 'Airbus', 'A380', '26A', null, 'prima'),     ( 'Airbus', 'A380', '26B', null, 'prima'),      ( 'Airbus', 'A380', '26C', null, 'prima'),
( 'Airbus', 'A380', '27A', null, 'prima'),     ( 'Airbus', 'A380', '27B', null, 'prima'),      ( 'Airbus', 'A380', '27C', null, 'prima'),
( 'Airbus', 'A380', '28A', null, 'prima'),     ( 'Airbus', 'A380', '28B', null, 'prima'),      ( 'Airbus', 'A380', '28C', null, 'prima'),
( 'Airbus', 'A380', '29A', null, 'prima'),     ( 'Airbus', 'A380', '29B', null, 'prima'),      ( 'Airbus', 'A380', '29C', null, 'prima'),
( 'Airbus', 'A380', '30A', 12.5, 'prima'),     ( 'Airbus', 'A380', '30B', 12.5, 'prima'),      ( 'Airbus', 'A380', '30C', 12.5, 'prima'),
( 'Airbus', 'A380', '31A', null, 'business'),  ( 'Airbus', 'A380', '31B', null, 'business'),   ( 'Airbus', 'A380', '31C', null, 'business'),
( 'Airbus', 'A380', '32A', null, 'business'),  ( 'Airbus', 'A380', '32B', null, 'business'),   ( 'Airbus', 'A380', '32C', null, 'business'),
( 'Airbus', 'A380', '33A', 25, 'business'),    ( 'Airbus', 'A380', '33B', 25, 'business'),     ( 'Airbus', 'A380', '33C', 25, 'business'),
( 'Airbus', 'A380', '34A', 50, 'business'),    ( 'Airbus', 'A380', '34B', 50, 'business'),     ( 'Airbus', 'A380', '34C', 50, 'business'),
( 'Airbus', 'A380', '35A', 100, 'business'),   ( 'Airbus', 'A380', '35B', 100, 'business'),    ( 'Airbus', 'A380', '35C', 100, 'business'),
( 'Airbus', 'A380', '01D', null, 'economica'), ( 'Airbus', 'A380', '01E', null, 'economica'),  ( 'Airbus', 'A380', '01F', null, 'economica'),
( 'Airbus', 'A380', '02D', null, 'economica'), ( 'Airbus', 'A380', '02E', null, 'economica'),  ( 'Airbus', 'A380', '02F', null, 'economica'),
( 'Airbus', 'A380', '03D', null, 'economica'), ( 'Airbus', 'A380', '03E', null, 'economica'),  ( 'Airbus', 'A380', '03F', null, 'economica'),
( 'Airbus', 'A380', '04D', null, 'economica'), ( 'Airbus', 'A380', '04E', null, 'economica'),  ( 'Airbus', 'A380', '04F', null, 'economica'),
( 'Airbus', 'A380', '05D', null, 'economica'), ( 'Airbus', 'A380', '05E', null, 'economica'),  ( 'Airbus', 'A380', '05F', null, 'economica'),
( 'Airbus', 'A380', '06D', null, 'economica'), ( 'Airbus', 'A380', '06E', null, 'economica'),  ( 'Airbus', 'A380', '06F', null, 'economica'),
( 'Airbus', 'A380', '07D', null, 'economica'), ( 'Airbus', 'A380', '07E', null, 'economica'),  ( 'Airbus', 'A380', '07F', null, 'economica'),
( 'Airbus', 'A380', '08D', null, 'economica'), ( 'Airbus', 'A380', '08E', null, 'economica'),  ( 'Airbus', 'A380', '08F', null, 'economica'),
( 'Airbus', 'A380', '09D', null, 'economica'), ( 'Airbus', 'A380', '09E', null, 'economica'),  ( 'Airbus', 'A380', '09F', null, 'economica'),
( 'Airbus', 'A380', '10D', null, 'economica'), ( 'Airbus', 'A380', '10E', null, 'economica'),  ( 'Airbus', 'A380', '10F', null, 'economica'),
( 'Airbus', 'A380', '11D', null, 'economica'), ( 'Airbus', 'A380', '11E', null, 'economica'),  ( 'Airbus', 'A380', '11F', null, 'economica'),
( 'Airbus', 'A380', '12D', null, 'economica'), ( 'Airbus', 'A380', '12E', null, 'economica'),  ( 'Airbus', 'A380', '12F', null, 'economica'),
( 'Airbus', 'A380', '13D', 10.5, 'economica'), ( 'Airbus', 'A380', '13E', 10.5, 'economica'),  ( 'Airbus', 'A380', '13F', 10.5, 'economica'),
( 'Airbus', 'A380', '14D', null, 'economica'), ( 'Airbus', 'A380', '14E', null, 'economica'),  ( 'Airbus', 'A380', '14F', null, 'economica'),
( 'Airbus', 'A380', '15D', null, 'economica'), ( 'Airbus', 'A380', '15E', null, 'economica'),  ( 'Airbus', 'A380', '15F', null, 'economica'),
( 'Airbus', 'A380', '16D', null, 'economica'), ( 'Airbus', 'A380', '16E', null, 'economica'),  ( 'Airbus', 'A380', '16F', null, 'economica'),
( 'Airbus', 'A380', '17D', null, 'economica'), ( 'Airbus', 'A380', '17E', null, 'economica'),  ( 'Airbus', 'A380', '17F', null, 'economica'),
( 'Airbus', 'A380', '18D', null, 'economica'), ( 'Airbus', 'A380', '18E', null, 'economica'),  ( 'Airbus', 'A380', '18F', null, 'economica'),
( 'Airbus', 'A380', '19D', null, 'economica'), ( 'Airbus', 'A380', '19E', null, 'economica'),  ( 'Airbus', 'A380', '19F', null, 'economica'),
( 'Airbus', 'A380', '20D', null, 'economica'), ( 'Airbus', 'A380', '20E', null, 'economica'),  ( 'Airbus', 'A380', '20F', null, 'economica'),
( 'Airbus', 'A380', '21D', null, 'prima'),     ( 'Airbus', 'A380', '21E', null, 'prima'),      ( 'Airbus', 'A380', '21F', null, 'prima'),
( 'Airbus', 'A380', '22D', null, 'prima'),     ( 'Airbus', 'A380', '22E', null, 'prima'),      ( 'Airbus', 'A380', '22F', null, 'prima'),
( 'Airbus', 'A380', '23D', null, 'prima'),     ( 'Airbus', 'A380', '23E', null, 'prima'),      ( 'Airbus', 'A380', '23F', null, 'prima'),
( 'Airbus', 'A380', '24D', null, 'prima'),     ( 'Airbus', 'A380', '24E', null, 'prima'),      ( 'Airbus', 'A380', '24F', null, 'prima'),
( 'Airbus', 'A380', '25D', null, 'prima'),     ( 'Airbus', 'A380', '25E', null, 'prima'),      ( 'Airbus', 'A380', '25F', null, 'prima'),
( 'Airbus', 'A380', '26D', null, 'prima'),     ( 'Airbus', 'A380', '26E', null, 'prima'),      ( 'Airbus', 'A380', '26F', null, 'prima'),
( 'Airbus', 'A380', '27D', null, 'prima'),     ( 'Airbus', 'A380', '27E', null, 'prima'),      ( 'Airbus', 'A380', '27F', null, 'prima'),
( 'Airbus', 'A380', '28D', null, 'prima'),     ( 'Airbus', 'A380', '28E', null, 'prima'),      ( 'Airbus', 'A380', '28F', null, 'prima'),
( 'Airbus', 'A380', '29D', null, 'prima'),     ( 'Airbus', 'A380', '29E', null, 'prima'),      ( 'Airbus', 'A380', '29F', null, 'prima'),
( 'Airbus', 'A380', '30D', 12.5, 'prima'),     ( 'Airbus', 'A380', '30E', 12.5, 'prima'),      ( 'Airbus', 'A380', '30F', 12.5, 'prima'),
( 'Airbus', 'A380', '31D', null, 'business'),  ( 'Airbus', 'A380', '31E', null, 'business'),   ( 'Airbus', 'A380', '31F', null, 'business'),
( 'Airbus', 'A380', '32D', null, 'business'),  ( 'Airbus', 'A380', '32E', null, 'business'),   ( 'Airbus', 'A380', '32F', null, 'business'),
( 'Airbus', 'A380', '33D', 25, 'business'),    ( 'Airbus', 'A380', '33E', 25, 'business'),     ( 'Airbus', 'A380', '33F', 25, 'business'),
( 'Airbus', 'A380', '34D', 50, 'business'),    ( 'Airbus', 'A380', '34E', 50, 'business'),     ( 'Airbus', 'A380', '34F', 50, 'business'),
( 'Airbus', 'A380', '35D', 100, 'business'),   ( 'Airbus', 'A380', '35E', 100, 'business'),    ( 'Airbus', 'A380', '35F', 100, 'business');

insert into PASSEGGERO values
( 'Giuseppe', 'Sanna', 'SNNGPP40P02C573L', 'Giuseppe.Sanna@gmail.com', 'nmaewrdt'),
( 'Sara', 'Rocca', 'RCCSRA71L64C573D', 'Sara.Rocca@outlook.com', 'urnynjzo'),
( 'Isabel', 'Orlando', 'RLNSBL28S58C573Q', 'Isabel.Orlando@gmail.com', 'ksllzdfe'),
( 'Elia', 'Bianco', 'BNCLEI67M22C573S', 'Elia.Bianco@outlook.com', 'mfskkhfe'),
( 'Nina', 'Franco', 'FRNNNI61T46C573N', 'Nina.Franco@gmail.com', 'wkwdkgye'),
( 'Giacomo', 'Pasquale', 'PSQGCM17P17C573D', 'Giacomo.Pasquale@outlook.com', 'pzcdmssc'),
( 'Manuel', 'Parisi', 'PRSMNL22A02C573N', 'Manuel.Parisi@gmail.com', 'ziqwrcwz'),
( 'Davide', 'Sanna', 'SNNDVD85H26C573S', 'Davide.Sanna@outlook.com', 'botkcemc'),
( 'Margherita', 'Messina', 'MSSMGH40D47C573S', 'Margherita.Messina@gmail.com', 'pqariqjf'),
( 'Gabriel', 'Pace', 'PCAGRL91R03C573T', 'Gabriel.Pace@outlook.com', 'oeffcuht'),
( 'Lorenzo', 'Pace', 'PCALNZ87E09C573R', 'Lorenzo.Pace@gmail.com', 'fqqnndaj'),
( 'Giovanni', 'Rinaldi', 'RNLGNN78T19C573Y', 'Giovanni.Rinaldi@gmail.com', 'epiqqeqv'),
( 'Noah', 'Monti', 'MNTNHO60M25C573K', 'Noah.Monti@gmail.com', 'uvdtleel'),
( 'Nina', 'Silvestri', 'SLVNNI75A43C573H', 'Nina.Silvestri@gmail.com', 'jyygqyda'),
( 'Daniel', 'Russo', 'RSSDNL98C17C573X', 'Daniel.Russo@outlook.com', 'tkggrmtn'),
( 'Chiara', 'Gentile', 'GNTCHR13L58C573I', 'Chiara.Gentile@gmail.com', 'sehjtyco'),
( 'Giorgia', 'Colombo', 'CLMGRG70H64C573C', 'Giorgia.Colombo@gmail.com', 'gndfwbmu'),
( 'Francesca', 'Messina', 'MSSFNC35R66C573P', 'Francesca.Messina@gmail.com', 'zkfulmal'),
( 'Beatrice', 'Fontana', 'FNTBRC24R41C573X', 'Beatrice.Fontana@outlook.com', 'jywuqfzs'),
( 'Antonio', 'Mauro', 'MRANTN46R04C573H', 'Antonio.Mauro@outlook.com', 'gnnbfrnf'),
( 'Francesca', 'Conte', 'CNTFNC98T48C573Y', 'Francesca.Conte@outlook.com', 'mcvzfswn'),
( 'Salvatore', 'Gentile', 'GNTSVT63S24C573D', 'Salvatore.Gentile@gmail.com', 'pjvcgsst'),
( 'Filippo', 'Parisi', 'PRSFPP82M11C573U', 'Filippo.Parisi@gmail.com', 'fdjxktdt'),
( 'Elia', 'Giordano', 'GRDLEI75T09C573X', 'Elia.Giordano@gmail.com', 'icfxzjkf'),
( 'Federico', 'Valentini', 'VLNFRC76D09C573G', 'Federico.Valentini@outlook.com', 'smslbjql'),
( 'Giulia', 'Palma', 'PLMGLI49T43C573S', 'Giulia.Palma@gmail.com', 'bgeknnpn'),
( 'Cecilia', 'Caruso', 'CRSCCL52B54C573G', 'Cecilia.Caruso@outlook.com', 'qhpirwor'),
( 'Gioele', 'Mauro', 'MRAGLI54S19C573E', 'Gioele.Mauro@gmail.com', 'wxddafuu'),
( 'Vittoria', 'Ferrara', 'FRRVTR12R45C573Q', 'Vittoria.Ferrara@gmail.com', 'otjtrcof'),
( 'Ettore', 'Ferro', 'FRRTTR12H26C573X', 'Ettore.Ferro@outlook.com', 'woulftfk'),
( 'Noah', 'Moretti', 'MRTNHO93T05C573R', 'Noah.Moretti@outlook.com', 'hhwgnmwz'),
( 'Rebecca', 'Ferrari', 'FRRRCC17H46C573E', 'Rebecca.Ferrari@outlook.com', 'baqdzami'),
( 'Alice', 'Paola', 'PLALCA09B58C573Q', 'Alice.Paola@outlook.com', 'otdqelfg'),
( 'Elisa', 'Lombardo', 'LMBLSE99L58C573A', 'Elisa.Lombardo@gmail.com', 'nbgseskk'),
( 'Gabriel', 'Bernardi', 'BRNGRL85R15C573H', 'Gabriel.Bernardi@outlook.com', 'vxcjaaqp'),
( 'Andrea', 'Neri', 'NRENDR59R20C573P', 'Andrea.Neri@outlook.com', 'jtybrznf'),
( 'Martina', 'Martino', 'MRTMTN50L56C573Y', 'Martina.Martino@outlook.com', 'mjkwpjph'),
( 'Aurora', 'Rossi', 'RSSRRA33A65C573S', 'Aurora.Rossi@gmail.com', 'qckipdgt'),
( 'Elena', 'Vitale', 'VTLLNE63L58C573N', 'Elena.Vitale@gmail.com', 'kupgdxsn'),
( 'Manuel', 'Greco', 'GRCMNL41M08C573A', 'Manuel.Greco@gmail.com', 'bzybwufs'),
( 'Eleonora', 'Galli', 'GLLLNR24L49C573P', 'Eleonora.Galli@outlook.com', 'jazenfdg'),
( 'Riccardo', 'Ricci', 'RCCRCR76B22C573J', 'Riccardo.Ricci@gmail.com', 'hlfmnxmm'),
( 'Gaia', 'Bianchi', 'BNCGAI33D50C573H', 'Gaia.Bianchi@outlook.com', 'eczfdawf'),
( 'Manuel', 'Pellegrini', 'PLLMNL44H24C573B', 'Manuel.Pellegrini@gmail.com', 'pqpxlqcp'),
( 'Chloe', 'Costa', 'CSTCHL51M64C573N', 'Chloe.Costa@gmail.com', 'rdsttyvq'),
( 'Nicolò', 'Villa', 'VLLNCL99S16C573L', 'Nicolò.Villa@outlook.com', 'kmaugqjl'),
( 'Maria', 'Monaco', 'MNCMRA55H42C573Z', 'Maria.Monaco@gmail.com', 'yivlbzyk'),
( 'Alessandro', 'Dalla', 'DLLLSN89T08C573S', 'Alessandro.Dalla@gmail.com', 'noaygptd'),
( 'Ginevra', 'Marchi', 'MRCGVR96A62C573L', 'Ginevra.Marchi@outlook.com', 'ezxrukfa'),
( 'Nicolò', 'Longo', 'LNGNCL21A01C573T', 'Nicolò.Longo@outlook.com', 'xnhcbsmi'),
( 'Gioia', 'Fabbri', 'FBBGIO44M55C573B', 'Gioia.Fabbri@outlook.com', 'gldmxvmj'),
( 'Nicole', 'Cattaneo', 'CTTNCL43L41C573M', 'Nicole.Cattaneo@gmail.com', 'gunlbtez'),
( 'Gabriel', 'Esposito', 'SPSGRL50T12C573W', 'Gabriel.Esposito@gmail.com', 'jyituhqy'),
( 'Davide', 'Ferrari', 'FRRDVD77B01C573D', 'Davide.Ferrari@outlook.com', 'rgyrivis'),
( 'Bianca', 'Bruno', 'BRNBNC20M62C573T', 'Bianca.Bruno@gmail.com', 'uyspifxz'),
( 'Andrea', 'Rocca', 'RCCNDR44L11C573V', 'Andrea.Rocca@gmail.com', 'mkzgvuyn'),
( 'Maria', 'Marino', 'MRNMRA09M56C573W', 'Maria.Marino@outlook.com', 'rttkluad'),
( 'Luca', 'Marchetti', 'MRCLCU96L21C573I', 'Luca.Marchetti@gmail.com', 'amtrgegy'),
( 'Matteo', 'Testa', 'TSTMTT92B06C573C', 'Matteo.Testa@gmail.com', 'qllohxsa'),
( 'Nathan', 'Santis', 'SNTNHN03L20C573S', 'Nathan.Santis@outlook.com', 'rgzvwvxu'),
( 'Amelia', 'Ferrara', 'FRRMLA12H48C573V', 'Amelia.Ferrara@gmail.com', 'vvifqgjt'),
( 'Sophie', 'Grassi', 'GRSSPH15M48C573R', 'Sophie.Grassi@gmail.com', 'isaseqjo'),
( 'Vittoria', 'Sala', 'SLAVTR09P68C573N', 'Vittoria.Sala@outlook.com', 'ekbsdsam'),
( 'Ambra', 'Valentini', 'VLNMBR86P68C573W', 'Ambra.Valentini@outlook.com', 'dthwkswl'),
( 'Federico', 'Lombardi', 'LMBFRC64P07C573V', 'Federico.Lombardi@outlook.com', 'hoxehnsp'),
( 'Leonardo', 'Monaco', 'MNCLRD73C11C573J', 'Leonardo.Monaco@gmail.com', 'orjzaynj'),
( 'Sara', 'Monaco', 'MNCSRA28D63C573U', 'Sara.Monaco@outlook.com', 'mzoyckpe'),
( 'Matilde', 'Silvestri', 'SLVMLD16R65C573K', 'Matilde.Silvestri@outlook.com', 'bopdcqdb'),
( 'Margherita', 'Ricci', 'RCCMGH33R62C573D', 'Margherita.Ricci@outlook.com', 'wgfrdbfw'),
( 'Gioele', 'Caruso', 'CRSGLI09E18C573Q', 'Gioele.Caruso@gmail.com', 'fhvbclvj'),
( 'Diego', 'Gentile', 'GNTDGI77T14C573P', 'Diego.Gentile@outlook.com', 'aoquqolr'),
( 'Emma', 'Pellegrini', 'PLLMME42A54C573D', 'Emma.Pellegrini@outlook.com', 'yfagbolv'),
( 'Elia', 'Farina', 'FRNLEI93M20C573W', 'Elia.Farina@outlook.com', 'jltjfydb'),
( 'Ludovica', 'Lombardi', 'LMBLVC09L53C573Q', 'Ludovica.Lombardi@gmail.com', 'bopxphvn'),
( 'Alessandro', 'Russo', 'RSSLSN61R04C573G', 'Alessandro.Russo@outlook.com', 'xzkaniik'),
( 'Gioele', 'Lombardo', 'LMBGLI48D05C573W', 'Gioele.Lombardo@outlook.com', 'fxgnghny'),
( 'Greta', 'Pace', 'PCAGRT35H62C573E', 'Greta.Pace@outlook.com', 'evlfrhfr'),
( 'Christian', 'Pellegrini', 'PLLCRS47C23C573B', 'Christian.Pellegrini@gmail.com', 'moqnbotm'),
( 'Nathan', 'Costa', 'CSTNHN07M11C573G', 'Nathan.Costa@gmail.com', 'ryfufszy'),
( 'Carlotta', 'Giordano', 'GRDCLT82B45C573B', 'Carlotta.Giordano@gmail.com', 'ulmygawn'),
( 'Francesco', 'Mariani', 'MRNFNC54A22C573G', 'Francesco.Mariani@outlook.com', 'chxuinrq'),
( 'Salvatore', 'Monti', 'MNTSVT87C13C573E', 'Salvatore.Monti@gmail.com', 'tllxisfa'),
( 'Camilla', 'Marini', 'MRNCLL20R59C573K', 'Camilla.Marini@outlook.com', 'zvahjala'),
( 'Cecilia', 'Gatti', 'GTTCCL88B64C573H', 'Cecilia.Gatti@outlook.com', 'azunfwii'),
( 'Viola', 'Leone', 'LNEVLI04L42C573C', 'Viola.Leone@outlook.com', 'ydoiudvn'),
( 'Tommaso', 'Rossetti', 'RSSTMS23T22C573V', 'Tommaso.Rossetti@outlook.com', 'rnplwrfz'),
( 'Aurora', 'Re', 'REXRRA26P51C573G', 'Aurora.Re@gmail.com', 'fjpggkyd'),
( 'Giada', 'Rizzi', 'RZZGDI63M57C573I', 'Giada.Rizzi@gmail.com', 'gduuizgu'),
( 'Ambra', 'Esposito', 'SPSMBR52A61C573P', 'Ambra.Esposito@gmail.com', 'onajouba'),
( 'Chloe', 'Fabbri', 'FBBCHL92H42C573S', 'Chloe.Fabbri@gmail.com', 'lthymvey'),
( 'Giorgia', 'Coppola', 'CPPGRG68T56C573Z', 'Giorgia.Coppola@gmail.com', 'dhctgcon'),
( 'Maria', 'Parisi', 'PRSMRA21T66C573S', 'Maria.Parisi@gmail.com', 'knnmpaiu'),
( 'Samuele', 'Fabbri', 'FBBSML75L27C573F', 'Samuele.Fabbri@outlook.com', 'kotqzzii'),
( 'Samuel', 'Angelo', 'NGLSML70T16C573X', 'Samuel.Angelo@gmail.com', 'pvmzbldl'),
( 'Thomas', 'Testa', 'TSTTMS39M11C573J', 'Thomas.Testa@outlook.com', 'wfccyppm'),
( 'Domenico', 'Russo', 'RSSDNC85B05C573Z', 'Domenico.Russo@gmail.com', 'eefcnpxb'),
( 'Ginevra', 'Martino', 'MRTGVR36R57C573Y', 'Ginevra.Martino@outlook.com', 'kmwjlvsd'),
( 'Francesco', 'Testa', 'TSTFNC28R03C573A', 'Francesco.Testa@outlook.com', 'wcmkatsa'),
( 'Gioele', 'Guerra', 'GRRGLI11H25C573Q', 'Gioele.Guerra@gmail.com', 'hhtcbaia'),
( 'Elisa', 'Castelli', 'CSTLSE06A63C573K', 'Elisa.Castelli@outlook.com', 'oqnzwmyj'),
( 'Nathan', 'Giorgi', 'GRGNHN93R11C573W', 'Nathan.Giorgi@outlook.com', 'fuedvsbr'),
( 'Pietro', 'Rizzo', 'RZZPTR21R24C573A', 'Pietro.Rizzo@gmail.com', 'tictnrte'),
( 'Enea', 'Pellegrino', 'PLLNEE92T09C573B', 'Enea.Pellegrino@outlook.com', 'yfcuekor'),
( 'Elisa', 'Mariani', 'MRNLSE28B48C573R', 'Elisa.Mariani@outlook.com', 'umzompnu'),
( 'Gabriele', 'Marchetti', 'MRCGRL30R13C573N', 'Gabriele.Marchetti@gmail.com', 'ldzeoevi'),
( 'Anna', 'Lombardi', 'LMBNNA70C44C573J', 'Anna.Lombardi@gmail.com', 'jsdynbbd'),
( 'Emily', 'Grassi', 'GRSMLY11E63C573G', 'Emily.Grassi@outlook.com', 'ossdnnyb'),
( 'Sara', 'Lombardi', 'LMBSRA18C61C573M', 'Sara.Lombardi@outlook.com', 'jkrqvkhb'),
( 'Anita', 'Santoro', 'SNTNTA50D54C573Z', 'Anita.Santoro@outlook.com', 'jjwqgffn'),
( 'Maria', 'Guerra', 'GRRMRA52R47C573D', 'Maria.Guerra@outlook.com', 'biaeqlpe'),
( 'Giulio', 'Palumbo', 'PLMGLI02L23C573R', 'Giulio.Palumbo@gmail.com', 'cgbppwgl'),
( 'Alessio', 'Pasquale', 'PSQLSS72E18C573P', 'Alessio.Pasquale@outlook.com', 'mukutdjk'),
( 'Giacomo', 'Santino', 'SNTGCM22C27C573S', 'Giacomo.Santino@outlook.com', 'qsacfxbe'),
( 'Luna', 'Greco', 'GRCLNU27H58C573O', 'Luna.Greco@gmail.com', 'kbqlaziu'),
( 'Andrea', 'Paola', 'PLANDR69R22C573Q', 'Andrea.Paola@gmail.com', 'azedkzgj'),
( 'Matilde', 'Piazza', 'PZZMLD39B42C573U', 'Matilde.Piazza@gmail.com', 'ojzpumjl'),
( 'Elia', 'Ferro', 'FRRLEI03C08C573T', 'Elia.Ferro@outlook.com', 'exkzixmi'),
( 'Matilde', 'Sala', 'SLAMLD49A59C573N', 'Matilde.Sala@gmail.com', 'zbytaqed'),
( 'Vittoria', 'Piazza', 'PZZVTR52S61C573J', 'Vittoria.Piazza@outlook.com', 'cvbjapix'),
( 'Giulia', 'Villa', 'VLLGLI04C60C573L', 'Giulia.Villa@gmail.com', 'edprnxqs'),
( 'Michele', 'Moro', 'MROMHL78R22C573Z', 'Michele.Moro@gmail.com', 'gcqnzoos'),
( 'Maria', 'Pasquale', 'PSQMRA40L47C573G', 'Maria.Pasquale@gmail.com', 'tgcjhkwp'),
( 'Liam', 'Orlando', 'RLNLMI99E21C573Q', 'Liam.Orlando@outlook.com', 'zhgkzzkh'),
( 'Elia', 'Palumbo', 'PLMLEI31L03C573E', 'Elia.Palumbo@gmail.com', 'ccnnoatc'),
( 'Vincenzo', 'Mariani', 'MRNVCN76S25C573R', 'Vincenzo.Mariani@outlook.com', 'ycxdwrou'),
( 'Mia', 'Galli', 'GLLMIA74H68C573X', 'Mia.Galli@gmail.com', 'ehhvgbyj'),
( 'Arianna', 'Mariani', 'MRNRNN92B65C573U', 'Arianna.Mariani@outlook.com', 'qrlmrlgi'),
( 'Alessandro', 'Moretti', 'MRTLSN88P07C573F', 'Alessandro.Moretti@outlook.com', 'cxzyixpa'),
( 'Liam', 'Pellegrino', 'PLLLMI10S05C573F', 'Liam.Pellegrino@outlook.com', 'wyhtkepk'),
( 'Mattia', 'Marchi', 'MRCMTT24D19C573W', 'Mattia.Marchi@gmail.com', 'mhcikfex'),
( 'Rebecca', 'Russo', 'RSSRCC53R45C573C', 'Rebecca.Russo@gmail.com', 'pvklpppf'),
( 'Chiara', 'Bernardi', 'BRNCHR60M57C573B', 'Chiara.Bernardi@gmail.com', 'insehsmt'),
( 'Diana', 'Cattaneo', 'CTTDNI36L68C573K', 'Diana.Cattaneo@gmail.com', 'qpufbkuy'),
( 'Mattia', 'Rossi', 'RSSMTT75A24C573Q', 'Mattia.Rossi@outlook.com', 'ssqozitu'),
( 'Nicole', 'Moretti', 'MRTNCL47M48C573I', 'Nicole.Moretti@gmail.com', 'lgnqwjrd'),
( 'Alessia', 'Giordano', 'GRDLSS34L51C573Z', 'Alessia.Giordano@outlook.com', 'lrxwtncj'),
( 'Tommaso', 'Paola', 'PLATMS01S01C573J', 'Tommaso.Paola@outlook.com', 'hzzyplcm'),
( 'Ettore', 'Ferraro', 'FRRTTR71L01C573J', 'Ettore.Ferraro@outlook.com', 'kcxklxgt'),
( 'Greta', 'Guerra', 'GRRGRT37C63C573E', 'Greta.Guerra@gmail.com', 'zexemwdc'),
( 'Aurora', 'Sanna', 'SNNRRA46E51C573Y', 'Aurora.Sanna@gmail.com', 'wdmnwyaw'),
( 'Daniel', 'Poli', 'PLODNL44B17C573P', 'Daniel.Poli@gmail.com', 'sawiewxx'),
( 'Martina', 'Sanna', 'SNNMTN26P49C573W', 'Martina.Sanna@outlook.com', 'qmfiyvxj'),
( 'Luca', 'Marchi', 'MRCLCU84A27C573S', 'Luca.Marchi@gmail.com', 'qovmvnqd'),
( 'Ambra', 'Caruso', 'CRSMBR94D58C573S', 'Ambra.Caruso@outlook.com', 'ccsuanfz'),
( 'Alice', 'Leo', 'LEOLCA34H54C573C', 'Alice.Leo@gmail.com', 'ailpxxzd'),
( 'Antonio', 'Mariani', 'MRNNTN23R04C573T', 'Antonio.Mariani@outlook.com', 'jgjifpja'),
( 'Emily', 'Fiore', 'FRIMLY07C52C573L', 'Emily.Fiore@gmail.com', 'kjnphohk'),
( 'Nathan', 'Sanna', 'SNNNHN60P26C573W', 'Nathan.Sanna@outlook.com', 'rcxcshii'),
( 'Noemi', 'Conti', 'CNTNMO99T53C573G', 'Noemi.Conti@outlook.com', 'bfilidds'),
( 'Francesca', 'Carbone', 'CRBFNC44B56C573H', 'Francesca.Carbone@outlook.com', 'zgrcozpn'),
( 'Riccardo', 'Ferrari', 'FRRRCR40L20C573S', 'Riccardo.Ferrari@gmail.com', 'bnlnvjzd'),
( 'Mia', 'Angelis', 'NGLMIA75E67C573O', 'Mia.Angelis@outlook.com', 'wfrtxpjb'),
( 'Samuel', 'Franco', 'FRNSML41D22C573U', 'Samuel.Franco@outlook.com', 'vhromaof'),
( 'Gioele', 'Coppola', 'CPPGLI14H11C573O', 'Gioele.Coppola@gmail.com', 'uycnivra'),
( 'Anna', 'Poli', 'PLONNA59T51C573Y', 'Anna.Poli@gmail.com', 'ovqrjhkj'),
( 'Azzurra', 'Palumbo', 'PLMZRR52T51C573P', 'Azzurra.Palumbo@outlook.com', 'izgrvbvu'),
( 'Chiara', 'Re', 'REXCHR43L57C573K', 'Chiara.Re@outlook.com', 'pqtjzwtd'),
( 'Luca', 'Giordano', 'GRDLCU96P17C573W', 'Luca.Giordano@outlook.com', 'wnksfuwn'),
( 'Arianna', 'Rizzi', 'RZZRNN34E61C573F', 'Arianna.Rizzi@outlook.com', 'wdasrfoa'),
( 'Chloe', 'Sanna', 'SNNCHL74D44C573P', 'Chloe.Sanna@gmail.com', 'xvnpjzhp'),
( 'Samuele', 'Martinelli', 'MRTSML34P02C573O', 'Samuele.Martinelli@gmail.com', 'ejqrskho'),
( 'Luna', 'Fontana', 'FNTLNU10T42C573N', 'Luna.Fontana@gmail.com', 'ndsakyjt'),
( 'Ambra', 'Vitale', 'VTLMBR80B59C573G', 'Ambra.Vitale@gmail.com', 'uexhjcfp'),
( 'Francesca', 'Barbieri', 'BRBFNC62P54C573D', 'Francesca.Barbieri@outlook.com', 'ufsmuimh'),
( 'Michele', 'Vitale', 'VTLMHL91D02C573G', 'Michele.Vitale@gmail.com', 'hvbklwhk'),
( 'Noemi', 'Riva', 'RVINMO64S51C573C', 'Noemi.Riva@outlook.com', 'abeempdk'),
( 'Giada', 'Guerra', 'GRRGDI51T53C573A', 'Giada.Guerra@outlook.com', 'bmqnuflp'),
( 'Tommaso', 'Moretti', 'MRTTMS90B17C573Q', 'Tommaso.Moretti@outlook.com', 'lnodlgvz'),
( 'Noemi', 'Franco', 'FRNNMO32T68C573Q', 'Noemi.Franco@gmail.com', 'bqfdstud'),
( 'Noah', 'Giuliani', 'GLNNHO97H03C573P', 'Noah.Giuliani@outlook.com', 'syrjwjjd'),
( 'Alessia', 'Testa', 'TSTLSS84H64C573P', 'Alessia.Testa@outlook.com', 'hfrzkcsf'),
( 'Sofia', 'Amato', 'MTASFO98M63C573Q', 'Sofia.Amato@outlook.com', 'fhvqeofn'),
( 'Lorenzo', 'Silvestri', 'SLVLNZ88E18C573S', 'Lorenzo.Silvestri@gmail.com', 'dchxmwik'),
( 'Ludovica', 'Mazza', 'MZZLVC72R51C573U', 'Ludovica.Mazza@outlook.com', 'kygdpjjb'),
( 'Giorgio', 'Ricci', 'RCCGRG11B05C573A', 'Giorgio.Ricci@gmail.com', 'ldbkjuem'),
( 'Gioia', 'Testa', 'TSTGIO30A49C573R', 'Gioia.Testa@outlook.com', 'oylpdxyq'),
( 'Emanuele', 'Lombardi', 'LMBMNL75A13C573P', 'Emanuele.Lombardi@outlook.com', 'tordenkx'),
( 'Riccardo', 'Pace', 'PCARCR33T11C573V', 'Riccardo.Pace@outlook.com', 'rqwkobff'),
( 'Giuseppe', 'Vitale', 'VTLGPP20B19C573J', 'Giuseppe.Vitale@outlook.com', 'pmtujdci'),
( 'Gabriel', 'Rossetti', 'RSSGRL84H05C573P', 'Gabriel.Rossetti@outlook.com', 'bbscgjkk'),
( 'Thomas', 'Amato', 'MTATMS00C01C573Y', 'Thomas.Amato@gmail.com', 'gddazhrn'),
( 'Ettore', 'Rizzi', 'RZZTTR63A27C573R', 'Ettore.Rizzi@outlook.com', 'drtioqum'),
( 'Liam', 'Parisi', 'PRSLMI69E14C573L', 'Liam.Parisi@gmail.com', 'hfchmcru'),
( 'Domenico', 'Cattaneo', 'CTTDNC31A18C573R', 'Domenico.Cattaneo@outlook.com', 'uxaodwrn'),
( 'Sofia', 'Pasquale', 'PSQSFO70R41C573A', 'Sofia.Pasquale@outlook.com', 'coqcpysn'),
( 'Giorgia', 'Serra', 'SRRGRG31T59C573E', 'Giorgia.Serra@gmail.com', 'eiqneqem'),
( 'Elena', 'Testa', 'TSTLNE18L61C573Y', 'Elena.Testa@outlook.com', 'fseuvhkw'),
( 'Antonio', 'Barbieri', 'BRBNTN80E13C573S', 'Antonio.Barbieri@gmail.com', 'unqiyhin'),
( 'Anita', 'Dalla', 'DLLNTA84P61C573G', 'Anita.Dalla@gmail.com', 'bwbgnpwd'),
( 'Andrea', 'Fabbri', 'FBBNDR04A16C573Y', 'Andrea.Fabbri@gmail.com', 'bfdqecjx'),
( 'Matteo', 'Castelli', 'CSTMTT47L03C573I', 'Matteo.Castelli@gmail.com', 'assyugqb'),
( 'Luca', 'Giorgi', 'GRGLCU89D07C573I', 'Luca.Giorgi@outlook.com', 'skdbqxyj'),
( 'Tommaso', 'Leo', 'LEOTMS39C05C573H', 'Tommaso.Leo@outlook.com', 'nhmkkabq'),
( 'Diego', 'Conti', 'CNTDGI77M16C573P', 'Diego.Conti@outlook.com', 'eldyynfc'),
( 'Giuseppe', 'Serra', 'SRRGPP67M11C573B', 'Giuseppe.Serra@outlook.com', 'rvremxkz'),
( 'Vittoria', 'Rinaldi', 'RNLVTR26S52C573J', 'Vittoria.Rinaldi@outlook.com', 'utrmavrd'),
( 'Viola', 'Torre', 'TRRVLI48C65C573M', 'Viola.Torre@gmail.com', 'cepilctp'),
( 'Greta', 'Conti', 'CNTGRT78T48C573A', 'Greta.Conti@outlook.com', 'nrzexsmq'),
( 'Vincenzo', 'Agostino', 'GSTVCN27P26C573R', 'Vincenzo.Agostino@gmail.com', 'bwbqwndf'),
( 'Vincenzo', 'Bianco', 'BNCVCN62H07C573H', 'Vincenzo.Bianco@outlook.com', 'uxfysmip');

insert into PERSONALE values
( 'Francesca', 'Fontana', 'FNTFNC94C45C573N', '1994-3-5', '2014-9-2', 'hostess'),
( 'Isabel', 'Cattaneo', 'CTTSBL81H52C573N', '1981-6-12', '2009-2-25', 'hostess'),
( 'Maria', 'Palumbo', 'PLMMRA88R52C573W', '1988-10-12', '2012-9-25', 'hostess'),
( 'Elisa', 'Marchi', 'MRCLSE65H54C573R', '1965-6-14', '2008-1-2', 'hostess'),
( 'Sole', 'Testa', 'TSTSLO52C50C573H', '1952-3-10', '2015-4-5', 'hostess'),
( 'Greta', 'Benedetti', 'BNDGRT52S53C573R', '1952-11-13', '2000-9-7', 'hostess'),
( 'Luna', 'Coppola', 'CPPLNU94E55C573Z', '1994-5-15', '2009-6-17', 'hostess'),
( 'Camilla', 'Valentini', 'VLNCLL47C68C573D', '1947-3-28', '2019-7-7', 'hostess'),
( 'Sophie', 'Moretti', 'MRTSPH96E67C573J', '1996-5-27', '2013-10-13', 'hostess'),
( 'Chiara', 'Conti', 'CNTCHR52T58C573U', '1952-12-18', '2012-9-15', 'hostess'),
( 'Martina', 'Ricci', 'RCCMTN55D45C573V', '1955-4-5', '2014-8-10', 'hostess'),
( 'Vittoria', 'Greco', 'GRCVTR00S50C573H', '2000-11-10', '2002-2-25', 'hostess'),
( 'Margherita', 'Riva', 'RVIMGH89A49C573J', '1989-1-9', '2009-8-27', 'hostess'),
( 'Matilde', 'Morelli', 'MRLMLD70A42C573K', '1970-1-2', '2015-4-27', 'hostess'),
( 'Luna', 'Testa', 'TSTLNU75P49C573U', '1975-9-9', '2015-3-21', 'hostess'),
( 'Chiara', 'Carbone', 'CRBCHR60L42C573L', '1960-7-2', '2007-12-27', 'hostess'),
( 'Sara', 'Longo', 'LNGSRA00D54C573F', '2000-4-14', '2006-11-14', 'hostess'),
( 'Noemi', 'Coppola', 'CPPNMO62A42C573U', '1962-1-2', '2014-7-28', 'hostess'),
( 'Marta', 'Neri', 'NREMRT96T64C573O', '1996-12-24', '2019-3-15', 'hostess'),
( 'Giulia', 'Giorgi', 'GRGGLI91H41C573H', '1991-6-1', '2006-11-7', 'hostess'),
( 'Noemi', 'Pellegrino', 'PLLNMO76S64C573M', '1976-11-24', '2015-2-13', 'hostess'),
( 'Francesca', 'Riva', 'RVIFNC69M64C573F', '1969-8-24', '2003-10-17', 'hostess'),
( 'Chiara', 'Angelo', 'NGLCHR66A44C573A', '1966-1-4', '2000-10-8', 'hostess'),
( 'Amelia', 'Ferrara', 'FRRMLA99C67C573L', '1999-3-27', '2002-2-25', 'hostess'),
( 'Beatrice', 'Romano', 'RMNBRC51C52C573F', '1951-3-12', '2010-7-21', 'hostess'),
( 'Simone', 'Grassi', 'GRSSMN87H28C573E', '1987-6-28', '2012-10-6', 'steward'),
( 'Nathan', 'Lombardo', 'LMBNHN94H01C573A', '1994-6-1', '2018-3-22', 'steward'),
( 'Samuel', 'Piazza', 'PZZSML58C02C573C', '1958-3-2', '2000-8-3', 'steward'),
( 'Samuele', 'Barbieri', 'BRBSML67L11C573Q', '1967-7-11', '2011-10-9', 'steward'),
( 'Giulio', 'Parisi', 'PRSGLI55S03C573M', '1955-11-3', '2003-4-1', 'steward'),
( 'Alessio', 'Morelli', 'MRLLSS46A10C573X', '1946-1-10', '2019-9-5', 'steward'),
( 'Samuele', 'Torre', 'TRRSML64D04C573U', '1964-4-4', '2014-5-22', 'steward'),
( 'Pietro', 'Bianco', 'BNCPTR77M21C573H', '1977-8-21', '2001-10-14', 'steward'),
( 'Giulio', 'Conte', 'CNTGLI78P18C573X', '1978-9-18', '2007-3-18', 'steward'),
( 'Luigi', 'Rinaldi', 'RNLLGU98D21C573I', '1998-4-21', '2008-8-14', 'steward'),
( 'Domenico', 'Re', 'REXDNC57T22C573C', '1957-12-22', '2011-6-25', 'steward'),
( 'Giuseppe', 'Morelli', 'MRLGPP70D07C573D', '1970-4-7', '2018-3-20', 'steward'),
( 'Gabriele', 'Rossetti', 'RSSGRL73S08C573N', '1973-11-8', '2007-10-7', 'steward'),
( 'Matteo', 'Leo', 'LEOMTT42C08C573Y', '1942-3-8', '2013-9-28', 'steward'),
( 'Giorgio', 'Sala', 'SLAGRG60S05C573J', '1960-11-5', '2015-12-24', 'steward'),
( 'Alessio', 'Ferrara', 'FRRLSS67H16C573H', '1967-6-16', '2009-11-7', 'steward'),
( 'Nathan', 'Longo', 'LNGNHN00A13C573K', '2000-1-13', '2011-6-17', 'steward'),
( 'Daniele', 'Longo', 'LNGDNL48B17C573A', '1948-2-17', '2019-12-15', 'steward'),
( 'Enea', 'Castelli', 'CSTNEE96M26C573Y', '1996-8-26', '2005-5-2', 'steward'),
( 'Filippo', 'Rossetti', 'RSSFPP47C14C573R', '1947-3-14', '2000-7-26', 'steward'),
( 'Giacomo', 'Mauro', 'MRAGCM93P04C573U', '1993-9-4', '2001-4-23', 'steward'),
( 'Tommaso', 'Morelli', 'MRLTMS58A05C573C', '1958-1-5', '2004-6-4', 'steward'),
( 'Daniel', 'Serra', 'SRRDNL88B22C573E', '1988-2-22', '2020-11-17', 'steward'),
( 'Riccardo', 'Lombardi', 'LMBRCR73T05C573B', '1973-12-5', '2019-9-25', 'steward'),
( 'Thomas', 'Piazza', 'PZZTMS88M10C573A', '1988-8-10', '2002-3-7', 'steward'),
( 'Giorgio', 'Barone', 'BRNGRG63A28C573W', '1963-1-28', '2007-9-7', 'comandante'),
( 'Thomas', 'Castelli', 'CSTTMS62S12C573A', '1962-11-12', '2009-5-14', 'comandante'),
( 'Jacopo', 'Mancini', 'MNCJCP70H07C573P', '1970-6-7', '2002-10-25', 'comandante'),
( 'Samuel', 'Esposito', 'SPSSML47S25C573C', '1947-11-25', '2001-1-21', 'comandante'),
( 'Sara', 'Giuliani', 'GLNSRA74A48C573Q', '1974-1-8', '2005-11-18', 'comandante'),
( 'Pietro', 'Monti', 'MNTPTR40L05C573Q', '1940-7-5', '2012-7-25', 'comandante'),
( 'Federico', 'Bruno', 'BRNFRC96P09C573C', '1996-9-9', '2019-9-22', 'comandante'),
( 'Gabriele', 'Palma', 'PLMGRL00S05C573I', '2000-11-5', '2012-9-14', 'comandante'),
( 'Samuele', 'Guerra', 'GRRSML70H12C573A', '1970-6-12', '2018-6-7', 'comandante'),
( 'Martina', 'Parisi', 'PRSMTN90B53C573D', '1990-2-13', '2005-3-28', 'comandante'),
( 'Thomas', 'Messina', 'MSSTMS95S23C573X', '1995-11-23', '2019-6-2', 'comandante'),
( 'Ettore', 'Martinelli', 'MRTTTR97L09C573Z', '1997-7-9', '2019-4-6', 'comandante'),
( 'Samuele', 'Cattaneo', 'CTTSML88P28C573J', '1988-9-28', '2011-10-4', 'comandante'),
( 'Arianna', 'Giordano', 'GRDRNN49B43C573R', '1949-2-3', '2012-8-8', 'comandante'),
( 'Greta', 'Piazza', 'PZZGRT40A52C573D', '1940-1-12', '2000-11-11', 'comandante'),
( 'Amelia', 'Pellegrini', 'PLLMLA41D56C573W', '1941-4-16', '2008-5-4', 'comandante'),
( 'Martina', 'Mauro', 'MRAMTN55B53C573E', '1955-2-13', '2004-12-14', 'comandante'),
( 'Margherita', 'Longo', 'LNGMGH49R51C573W', '1949-10-11', '2008-5-1', 'comandante'),
( 'Vincenzo', 'Ferrari', 'FRRVCN77P07C573U', '1977-9-7', '2004-4-20', 'comandante'),
( 'Vittoria', 'Monti', 'MNTVTR41D56C573H', '1941-4-16', '2005-8-22', 'comandante'),
( 'Filippo', 'Riva', 'RVIFPP64B09C573K', '1964-2-9', '2016-9-27', 'comandante'),
( 'Diana', 'Serra', 'SRRDNI73P68C573P', '1973-9-28', '2000-2-27', 'comandante'),
( 'Gaia', 'Dalla', 'DLLGAI48R45C573E', '1948-10-5', '2007-2-25', 'comandante'),
( 'Giorgia', 'Rossi', 'RSSGRG85C60C573T', '1985-3-20', '2017-8-9', 'comandante'),
( 'Martina', 'Conte', 'CNTMTN43L48C573J', '1943-7-8', '2009-5-24', 'comandante'),
( 'Sara', 'Moretti', 'MRTSRA96S68C573M', '1996-11-28', '2004-8-2', 'primo ufficiale'),
( 'Maria', 'Barone', 'BRNMRA97E53C573F', '1997-5-13', '2011-5-21', 'primo ufficiale'),
( 'Eleonora', 'Silvestri', 'SLVLNR74B47C573W', '1974-2-7', '2005-12-20', 'primo ufficiale'),
( 'Samuel', 'Martino', 'MRTSML68C26C573O', '1968-3-26', '2012-10-17', 'primo ufficiale'),
( 'Aurora', 'Marino', 'MRNRRA76P43C573Q', '1976-9-3', '2008-5-3', 'primo ufficiale'),
( 'Alice', 'Mariani', 'MRNLCA00S41C573N', '2000-11-1', '2005-5-12', 'primo ufficiale'),
( 'Antonio', 'Villa', 'VLLNTN85S22C573H', '1985-11-22', '2002-9-26', 'primo ufficiale'),
( 'Christian', 'Coppola', 'CPPCRS67P02C573G', '1967-9-2', '2000-6-8', 'primo ufficiale'),
( 'Giulio', 'Guerra', 'GRRGLI69L02C573Q', '1969-7-2', '2009-11-9', 'primo ufficiale'),
( 'Liam', 'Neri', 'NRELMI68S02C573W', '1968-11-2', '2000-7-9', 'primo ufficiale'),
( 'Nicole', 'Palma', 'PLMNCL63T61C573Y', '1963-12-21', '2003-2-3', 'primo ufficiale'),
( 'Chloe', 'Leo', 'LEOCHL96H65C573L', '1996-6-25', '2018-7-25', 'primo ufficiale'),
( 'Pietro', 'Mazza', 'MZZPTR96P28C573K', '1996-9-28', '2001-11-22', 'primo ufficiale'),
( 'Arianna', 'Agostino', 'GSTRNN93D43C573M', '1993-4-3', '2018-3-16', 'primo ufficiale'),
( 'Jacopo', 'Martino', 'MRTJCP56S27C573B', '1956-11-27', '2020-2-12', 'primo ufficiale'),
( 'Adele', 'Conti', 'CNTDLA68H43C573P', '1968-6-3', '2004-4-8', 'primo ufficiale'),
( 'Nicolò', 'Costa', 'CSTNCL57T15C573N', '1957-12-15', '2018-10-8', 'primo ufficiale'),
( 'Cecilia', 'Santoro', 'SNTCCL46M67C573M', '1946-8-27', '2009-1-9', 'primo ufficiale'),
( 'Giulio', 'Franco', 'FRNGLI42S28C573L', '1942-11-28', '2003-11-5', 'primo ufficiale'),
( 'Gioia', 'Dalla', 'DLLGIO67T58C573U', '1967-12-18', '2018-3-7', 'primo ufficiale'),
( 'Luca', 'Caruso', 'CRSLCU66M07C573Z', '1966-8-7', '2014-4-28', 'primo ufficiale'),
( 'Cecilia', 'Ferri', 'FRRCCL78R67C573L', '1978-10-27', '2001-1-14', 'primo ufficiale'),
( 'Federico', 'Riva', 'RVIFRC42M08C573K', '1942-8-8', '2018-7-3', 'primo ufficiale'),
( 'Chiara', 'Palumbo', 'PLMCHR51P64C573Z', '1951-9-24', '2010-10-6', 'primo ufficiale'),
( 'Jacopo', 'Bruno', 'BRNJCP87T22C573M', '1987-12-22', '2006-11-14', 'primo ufficiale');

insert into VOLO values
(null,'2024-01-01','08:25','EDDB','LOWW','2024-01-01','09:35','Boeing','737 MAX', 1),
(null,'2024-01-01','10:00','LIMF','LIPK','2024-01-01','10:30','Boeing','767', 1),
(null,'2024-01-01','12:00','LIMF','LIPK','2024-01-01','12:30','Boeing','767', 2),
(null,'2024-01-01','13:55','LIMC','EGLL','2024-01-01','15:30','Airbus','A380', 1),
(null,'2024-01-01','15:05','EGBB','EDDK','2024-01-01','16:10','Airbus','A320', 1),
(null,'2024-01-01','19:00','LEMD','LFPG','2024-01-01','20:55','Boeing','777', 1),
(null,'2024-01-02','08:25','LOWW','EDDB','2024-01-02','09:35','Boeing','737 MAX', 1),
(null,'2024-01-02','10:00','LIPK','LIMF','2024-01-02','10:30','Boeing','767', 1),
(null,'2024-01-02','12:00','LIPK','LIMF','2024-01-02','12:30','Boeing','767', 2),
(null,'2024-01-02','13:55','EGLL','LIMC','2024-01-02','15:30','Airbus','A380', 1),
(null,'2024-01-02','15:05','EDDK','EGBB','2024-01-02','16:10','Airbus','A320', 1),
(null,'2024-01-02','19:00','LFPG','LEMD','2024-01-02','20:55','Boeing','777', 1),
(null,'2024-01-03','08:25','EDDB','LOWW','2024-01-03','09:35','Boeing','737 MAX', 1),
(null,'2024-01-03','10:00','LIMF','LIPK','2024-01-03','10:30','Boeing','767', 1),
(null,'2024-01-03','12:00','LIMF','LIPK','2024-01-03','12:30','Boeing','767', 2),
(null,'2024-01-03','13:55','LIMC','EGLL','2024-01-03','15:30','Airbus','A380', 1),
(null,'2024-01-03','15:05','EGBB','EDDK','2024-01-03','16:10','Airbus','A320', 1),
(null,'2024-01-03','19:00','LEMD','LFPG','2024-01-03','20:55','Boeing','777', 1),
(null,'2024-01-04','08:25','LOWW','EDDB','2024-01-04','09:35','Boeing','737 MAX', 1),
(null,'2024-01-04','10:00','LIPK','LIMF','2024-01-04','10:30','Boeing','767', 1),
(null,'2024-01-04','12:00','LIPK','LIMF','2024-01-04','12:30','Boeing','767', 2),
(null,'2024-01-04','13:55','EGLL','LIMC','2024-01-04','15:30','Airbus','A380', 1),
(null,'2024-01-04','15:05','EDDK','EGBB','2024-01-04','16:10','Airbus','A320', 1),
(null,'2024-01-04','19:00','LFPG','LEMD','2024-01-04','20:55','Boeing','777', 1),
(null,'2025-01-01','08:25','EDDB','LOWW','2025-01-01','09:35','Boeing','737 MAX', 1),
(null,'2025-01-01','10:00','LIMF','LIPK','2025-01-01','10:30','Boeing','767', 1),
(null,'2025-01-01','12:00','LIMF','LIPK','2025-01-01','12:30','Boeing','767', 2),
(null,'2025-01-01','13:55','LIMC','EGLL','2025-01-01','15:30','Airbus','A380', 1),
(null,'2025-01-01','15:05','EGBB','EDDK','2025-01-01','16:10','Airbus','A320', 1),
(null,'2025-01-01','19:00','LEMD','LFPG','2025-01-01','20:55','Boeing','777', 1),
(null,'2025-01-02','08:25','LOWW','EDDB','2025-01-02','09:35','Boeing','737 MAX', 1),
(null,'2025-01-02','10:00','LIPK','LIMF','2025-01-02','10:30','Boeing','767', 1),
(null,'2025-01-02','12:00','LIPK','LIMF','2025-01-02','12:30','Boeing','767', 2),
(null,'2025-01-02','13:55','EGLL','LIMC','2025-01-02','15:30','Airbus','A380', 1),
(null,'2025-01-02','15:05','EDDK','EGBB','2025-01-02','16:10','Airbus','A320', 1),
(null,'2025-01-02','19:00','LFPG','LEMD','2025-01-02','20:55','Boeing','777', 1),
(null,'2025-01-03','08:25','EDDB','LOWW','2025-01-03','09:35','Boeing','737 MAX', 1),
(null,'2025-01-03','10:00','LIMF','LIPK','2025-01-03','10:30','Boeing','767', 1),
(null,'2025-01-03','12:00','LIMF','LIPK','2025-01-03','12:30','Boeing','767', 2),
(null,'2025-01-03','13:55','LIMC','EGLL','2025-01-03','15:30','Airbus','A380', 1),
(null,'2025-01-03','15:05','EGBB','EDDK','2025-01-03','16:10','Airbus','A320', 1),
(null,'2025-01-03','19:00','LEMD','LFPG','2025-01-03','20:55','Boeing','777', 1),
(null,'2025-01-04','08:25','LOWW','EDDB','2025-01-04','09:35','Boeing','737 MAX', 1),
(null,'2025-01-04','10:00','LIPK','LIMF','2025-01-04','10:30','Boeing','767', 1),
(null,'2025-01-04','12:00','LIPK','LIMF','2025-01-04','12:30','Boeing','767', 2),
(null,'2025-01-04','13:55','EGLL','LIMC','2025-01-04','15:30','Airbus','A380', 1),
(null,'2025-01-04','15:05','EDDK','EGBB','2025-01-04','16:10','Airbus','A320', 1),
(null,'2025-01-04','19:00','LFPG','LEMD','2025-01-04','20:55','Boeing','777', 1);

insert into LAVORATORE values
('BRNGRG63A28C573W',1), ('MRTSRA96S68C573M',1), ('FNTFNC94C45C573N',1), ('CTTSBL81H52C573N',1),
('CSTTMS62S12C573A',2), ('BRNMRA97E53C573F',2), ('GRSSMN87H28C573E',2), ('LMBNHN94H01C573A',2),
('MNCJCP70H07C573P',3), ('SLVLNR74B47C573W',3), ('PZZSML58C02C573C',3), ('PLMMRA88R52C573W',3),
('SPSSML47S25C573C',4), ('MRTSML68C26C573O',4), ('BRBSML67L11C573Q',4), ('MRCLSE65H54C573R',4),
('GLNSRA74A48C573Q',5), ('MRNRRA76P43C573Q',5), ('TSTSLO52C50C573H',5), ('BNDGRT52S53C573R',5),
('MNTPTR40L05C573Q',6), ('MRNLCA00S41C573N',6), ('PRSGLI55S03C573M',6), ('MRLLSS46A10C573X',6),
('BRNGRG63A28C573W',7), ('MRTSRA96S68C573M',7), ('FNTFNC94C45C573N',7), ('CTTSBL81H52C573N',7),
('CSTTMS62S12C573A',8), ('BRNMRA97E53C573F',8), ('GRSSMN87H28C573E',8), ('LMBNHN94H01C573A',8),
('MNCJCP70H07C573P',9), ('SLVLNR74B47C573W',9), ('PZZSML58C02C573C',9), ('PLMMRA88R52C573W',9),
('SPSSML47S25C573C',10), ('MRTSML68C26C573O',10), ('BRBSML67L11C573Q',10), ('MRCLSE65H54C573R',10),
('GLNSRA74A48C573Q',11), ('MRNRRA76P43C573Q',11), ('TSTSLO52C50C573H',11), ('BNDGRT52S53C573R',11),
('MNTPTR40L05C573Q',12), ('MRNLCA00S41C573N',12), ('PRSGLI55S03C573M',12), ('MRLLSS46A10C573X',12),
('BRNGRG63A28C573W',13), ('MRTSRA96S68C573M',13), ('FNTFNC94C45C573N',13), ('CTTSBL81H52C573N',13),
('CSTTMS62S12C573A',14), ('BRNMRA97E53C573F',14), ('GRSSMN87H28C573E',14), ('LMBNHN94H01C573A',14),
('MNCJCP70H07C573P',15), ('SLVLNR74B47C573W',15), ('PZZSML58C02C573C',15), ('PLMMRA88R52C573W',15),
('SPSSML47S25C573C',16), ('MRTSML68C26C573O',16), ('BRBSML67L11C573Q',16), ('MRCLSE65H54C573R',16),
('GLNSRA74A48C573Q',17), ('MRNRRA76P43C573Q',17), ('TSTSLO52C50C573H',17), ('BNDGRT52S53C573R',17),
('MNTPTR40L05C573Q',18), ('MRNLCA00S41C573N',18), ('PRSGLI55S03C573M',18), ('MRLLSS46A10C573X',18),
('BRNGRG63A28C573W',19), ('MRTSRA96S68C573M',19), ('FNTFNC94C45C573N',19), ('CTTSBL81H52C573N',19),
('CSTTMS62S12C573A',20), ('BRNMRA97E53C573F',20), ('GRSSMN87H28C573E',20), ('LMBNHN94H01C573A',20),
('MNCJCP70H07C573P',21), ('SLVLNR74B47C573W',21), ('PZZSML58C02C573C',21), ('PLMMRA88R52C573W',21),
('SPSSML47S25C573C',22), ('MRTSML68C26C573O',22), ('BRBSML67L11C573Q',22), ('MRCLSE65H54C573R',22),
('GLNSRA74A48C573Q',23), ('MRNRRA76P43C573Q',23), ('TSTSLO52C50C573H',23), ('BNDGRT52S53C573R',23),
('MNTPTR40L05C573Q',24), ('MRNLCA00S41C573N',24), ('PRSGLI55S03C573M',24), ('MRLLSS46A10C573X',24),
('BRNGRG63A28C573W',25), ('MRTSRA96S68C573M',25), ('FNTFNC94C45C573N',25), ('CTTSBL81H52C573N',25),
('CSTTMS62S12C573A',26), ('BRNMRA97E53C573F',26), ('GRSSMN87H28C573E',26), ('LMBNHN94H01C573A',26),
('MNCJCP70H07C573P',27), ('SLVLNR74B47C573W',27), ('PZZSML58C02C573C',27), ('PLMMRA88R52C573W',27),
('SPSSML47S25C573C',28), ('MRTSML68C26C573O',28), ('BRBSML67L11C573Q',28), ('MRCLSE65H54C573R',28),
('GLNSRA74A48C573Q',29), ('MRNRRA76P43C573Q',29), ('TSTSLO52C50C573H',29), ('BNDGRT52S53C573R',29),
('MNTPTR40L05C573Q',30), ('MRNLCA00S41C573N',30), ('PRSGLI55S03C573M',30), ('MRLLSS46A10C573X',30),
('BRNGRG63A28C573W',31), ('MRTSRA96S68C573M',31), ('FNTFNC94C45C573N',31), ('CTTSBL81H52C573N',31),
('CSTTMS62S12C573A',32), ('BRNMRA97E53C573F',32), ('GRSSMN87H28C573E',32), ('LMBNHN94H01C573A',32),
('MNCJCP70H07C573P',33), ('SLVLNR74B47C573W',33), ('PZZSML58C02C573C',33), ('PLMMRA88R52C573W',33),
('SPSSML47S25C573C',34), ('MRTSML68C26C573O',34), ('BRBSML67L11C573Q',34), ('MRCLSE65H54C573R',34),
('GLNSRA74A48C573Q',35), ('MRNRRA76P43C573Q',35), ('TSTSLO52C50C573H',35), ('BNDGRT52S53C573R',35),
('MNTPTR40L05C573Q',36), ('MRNLCA00S41C573N',36), ('PRSGLI55S03C573M',36), ('MRLLSS46A10C573X',36),
('BRNGRG63A28C573W',37), ('MRTSRA96S68C573M',37), ('FNTFNC94C45C573N',37), ('CTTSBL81H52C573N',37),
('CSTTMS62S12C573A',38), ('BRNMRA97E53C573F',38), ('GRSSMN87H28C573E',38), ('LMBNHN94H01C573A',38),
('MNCJCP70H07C573P',39), ('SLVLNR74B47C573W',39), ('PZZSML58C02C573C',39), ('PLMMRA88R52C573W',39),
('SPSSML47S25C573C',40), ('MRTSML68C26C573O',40), ('BRBSML67L11C573Q',40), ('MRCLSE65H54C573R',40),
('GLNSRA74A48C573Q',41), ('MRNRRA76P43C573Q',41), ('TSTSLO52C50C573H',41), ('BNDGRT52S53C573R',41),
('MNTPTR40L05C573Q',42), ('MRNLCA00S41C573N',42), ('PRSGLI55S03C573M',42), ('MRLLSS46A10C573X',42),
('BRNGRG63A28C573W',43), ('MRTSRA96S68C573M',43), ('FNTFNC94C45C573N',43), ('CTTSBL81H52C573N',43),
('CSTTMS62S12C573A',44), ('BRNMRA97E53C573F',44), ('GRSSMN87H28C573E',44), ('LMBNHN94H01C573A',44),
('MNCJCP70H07C573P',45), ('SLVLNR74B47C573W',45), ('PZZSML58C02C573C',45), ('PLMMRA88R52C573W',45),
('SPSSML47S25C573C',46), ('MRTSML68C26C573O',46), ('BRBSML67L11C573Q',46), ('MRCLSE65H54C573R',46),
('GLNSRA74A48C573Q',47), ('MRNRRA76P43C573Q',47), ('TSTSLO52C50C573H',47), ('BNDGRT52S53C573R',47),
('MNTPTR40L05C573Q',48), ('MRNLCA00S41C573N',48), ('PRSGLI55S03C573M',48), ('MRLLSS46A10C573X',48);
